match_type,venue,city,toss_winner,toss_decision,team1,team2,overs_limit,balls_per_over,first_innings_runs,first_innings_wickets,first_innings_extras,first_innings_boundaries,season,player_of_the_match,result
"ODI","Hagley Oval","Christchurch","New Zealand","bat","New Zealand","Bangladesh","50","6","341","0","17","33","2016/17","TWM Latham","New Zealand"
"ODI","Saxton Oval","Nelson","Bangladesh","field","New Zealand","Bangladesh","50","6","251","0","12","29","2016/17","NT Broom","New Zealand"
"ODI","Saxton Oval","Nelson","Bangladesh","bat","New Zealand","Bangladesh","50","6","236","0","17","21","2016/17","KS Williamson","New Zealand"
"T20","McLean Park","Napier","Bangladesh","bat","New Zealand","Bangladesh","20","6","141","0","18","12","2016/17","KS Williamson","New Zealand"
"T20","Bay Oval","Mount Maunganui","Bangladesh","field","New Zealand","Bangladesh","20","6","195","0","8","23","2016/17","C Munro","New Zealand"
"T20","Bay Oval","Mount Maunganui","Bangladesh","field","New Zealand","Bangladesh","20","6","194","0","16","23","2016/17","CJ Anderson","New Zealand"
"Test","Basin Reserve","Wellington","New Zealand","field","New Zealand","Bangladesh","undefined","6","595","0","9","89","2016/17","TWM Latham","New Zealand"
"Test","Hagley Oval","Christchurch","New Zealand","field","New Zealand","Bangladesh","undefined","6","289","0","12","37","2016/17","TG Southee","New Zealand"
"ODI","Kennington Oval","London","England","field","England","Bangladesh","50","6","305","0","9","36","2017","JE Root","England"
"ODI","Kennington Oval","London","Bangladesh","bat","Australia","Bangladesh","50","6","182","0","9","13","2017","","no result"
"ODI","Sophia Gardens","Cardiff","New Zealand","bat","Bangladesh","New Zealand","50","6","265","0","6","26","2017","Shakib Al Hasan","Bangladesh"
"ODI","Edgbaston","Birmingham","India","field","Bangladesh","India","50","6","264","0","23","28","2017","RG Sharma","India"
"ODI","Shere Bangla National Stadium","Mirpur","England","bat","Bangladesh","England","50","6","309","0","6","34","2016/17","JT Ball","England"
"ODI","Shere Bangla National Stadium","Mirpur","England","field","Bangladesh","England","50","6","238","0","11","23","2016/17","Mashrafe Mortaza","Bangladesh"
"ODI","Zahur Ahmed Chowdhury Stadium","Chittagong","England","field","Bangladesh","England","50","6","277","0","18","25","2016/17","AU Rashid","England"
"Test","Zahur Ahmed Chowdhury Stadium","Chittagong","England","bat","Bangladesh","England","undefined","6","293","0","20","35","2016/17","BA Stokes","England"
"Test","Shere Bangla National Stadium","Mirpur","Bangladesh","bat","Bangladesh","England","undefined","6","220","0","10","26","2016/17","Mehedi Hasan Miraz","Bangladesh"
"ODI","Malahide","Dublin","Ireland","field","Ireland","Bangladesh","50","6","157","0","18","19","2017","","no result"
"ODI","Clontarf Cricket Club Ground","Dublin","New Zealand","field","Bangladesh","New Zealand","50","6","257","0","12","25","2017","JDS Neesham","New Zealand"
"ODI","Malahide","Dublin","Bangladesh","field","Ireland","Bangladesh","50","6","181","0","13","13","2017","Mustafizur Rahman","Bangladesh"
"ODI","Clontarf Cricket Club Ground","Dublin","Bangladesh","field","Bangladesh","New Zealand","50","6","270","0","18","27","2017","Mushfiqur Rahim","Bangladesh"
"Test","Rajiv Gandhi International Stadium, Uppal","Hyderabad","India","bat","India","Bangladesh","undefined","6","687","0","8","76","2016/17","V Kohli","India"
"Test","Senwes Park","Potchefstroom","Bangladesh","field","South Africa","Bangladesh","undefined","6","496","0","6","56","2017/18","D Elgar","South Africa"
"Test","Mangaung Oval","Bloemfontein","Bangladesh","field","South Africa","Bangladesh","undefined","6","573","0","15","76","2017/18","K Rabada","South Africa"
"ODI","Diamond Oval","Kimberley","Bangladesh","bat","Bangladesh","South Africa","50","6","278","0","15","34","2017/18","Q de Kock","South Africa"
"ODI","Boland Park","Paarl","Bangladesh","field","South Africa","Bangladesh","50","6","353","0","9","28","2017/18","AB de Villiers","South Africa"
"ODI","Buffalo Park","East London","South Africa","bat","South Africa","Bangladesh","50","6","369","0","8","43","2017/18","F du Plessis","South Africa"
"T20","Mangaung Oval","Bloemfontein","South Africa","bat","South Africa","Bangladesh","20","6","195","0","10","20","2017/18","AB de Villiers","South Africa"
"T20","Senwes Park","Potchefstroom","Bangladesh","field","South Africa","Bangladesh","20","6","224","0","3","31","2017/18","DA Miller","South Africa"
"Test","Galle International Stadium","undefined","Sri Lanka","bat","Sri Lanka","Bangladesh","undefined","6","494","0","23","52","2016/17","BKG Mendis","Sri Lanka"
"Test","P Sara Oval","Colombo","Sri Lanka","bat","Sri Lanka","Bangladesh","undefined","6","338","0","22","30","2016/17","Tamim Iqbal","Bangladesh"
"ODI","Rangiri Dambulla International Stadium","undefined","Sri Lanka","field","Sri Lanka","Bangladesh","50","6","324","0","23","38","2016/17","Tamim Iqbal","Bangladesh"
"ODI","Rangiri Dambulla International Stadium","undefined","Sri Lanka","bat","Sri Lanka","Bangladesh","50","6","311","0","22","31","2016/17","","no result"
"ODI","Sinhalese Sports Club Ground","Colombo","Bangladesh","field","Sri Lanka","Bangladesh","50","6","280","0","19","27","2016/17","NLTC Perera","Sri Lanka"
"T20","R Premadasa Stadium","Colombo","Bangladesh","bat","Sri Lanka","Bangladesh","20","6","155","0","17","14","2016/17","MDKJ Perera","Sri Lanka"
"T20","R Premadasa Stadium","Colombo","Bangladesh","bat","Sri Lanka","Bangladesh","20","6","176","0","7","21","2016/17","Shakib Al Hasan","Bangladesh"
"Test","Shere Bangla National Stadium, Mirpur","Dhaka","Bangladesh","bat","Bangladesh","Australia","undefined","6","260","0","21","32","2017","Shakib Al Hasan","Bangladesh"
"Test","Zahur Ahmed Chowdhury Stadium","Chattogram","Bangladesh","bat","Bangladesh","Australia","undefined","6","305","0","5","26","2017","NM Lyon","Australia"
"ODI","Shere Bangla National Stadium, Mirpur","Dhaka","Bangladesh","field","Zimbabwe","Bangladesh","50","6","170","0","16","11","2017/18","Shakib Al Hasan","Bangladesh"
"ODI","Shere Bangla National Stadium, Mirpur","Dhaka","Bangladesh","bat","Bangladesh","Sri Lanka","50","6","320","0","12","34","2017/18","Shakib Al Hasan","Bangladesh"
"ODI","Shere Bangla National Stadium, Mirpur","Dhaka","Bangladesh","bat","Bangladesh","Zimbabwe","50","6","216","0","15","19","2017/18","Tamim Iqbal","Bangladesh"
"ODI","Shere Bangla National Stadium, Mirpur","Dhaka","Bangladesh","bat","Bangladesh","Sri Lanka","50","6","82","0","14","7","2017/18","RAS Lakmal","Sri Lanka"
"ODI","Shere Bangla National Stadium, Mirpur","Dhaka","Sri Lanka","bat","Sri Lanka","Bangladesh","50","6","221","0","9","19","2017/18","WU Tharanga","Sri Lanka"
"Test","Zahur Ahmed Chowdhury Stadium","Chattogram","Bangladesh","bat","Bangladesh","Sri Lanka","undefined","6","513","0","9","52","2017/18","Mominul Haque","draw"
"Test","Shere Bangla National Stadium, Mirpur","Dhaka","Sri Lanka","bat","Sri Lanka","Bangladesh","undefined","6","222","0","5","26","2017/18","ARS Silva","Sri Lanka"
"T20","Shere Bangla National Stadium, Mirpur","Dhaka","Bangladesh","bat","Bangladesh","Sri Lanka","20","6","193","0","21","21","2017/18","BKG Mendis","Sri Lanka"
"T20","Sylhet International Cricket Stadium","undefined","Bangladesh","field","Sri Lanka","Bangladesh","20","6","210","0","10","29","2017/18","BKG Mendis","Sri Lanka"
"T20","R.Premadasa Stadium, Khettarama","Colombo","India","field","Bangladesh","India","20","6","139","0","15","15","2017/18","V Shankar","India"
"T20","R.Premadasa Stadium, Khettarama","Colombo","Bangladesh","field","Sri Lanka","Bangladesh","20","6","214","0","17","27","2017/18","Mushfiqur Rahim","Bangladesh"
"T20","R.Premadasa Stadium, Khettarama","Colombo","Bangladesh","field","India","Bangladesh","20","6","176","0","3","23","2017/18","RG Sharma","India"
"T20","R.Premadasa Stadium, Khettarama","Colombo","Bangladesh","field","Sri Lanka","Bangladesh","20","6","159","0","9","17","2017/18","Mahmudullah","Bangladesh"
"T20","R.Premadasa Stadium, Khettarama","Colombo","India","field","Bangladesh","India","20","6","166","0","6","19","2017/18","KD Karthik","India"
"ODI","Kennington Oval","London","South Africa","field","Bangladesh","South Africa","50","6","330","0","21","40","2019","Shakib Al Hasan","Bangladesh"
"ODI","Kennington Oval","London","New Zealand","field","Bangladesh","New Zealand","50","6","244","0","18","22","2019","LRPL Taylor","New Zealand"
"ODI","Sophia Gardens","Cardiff","Bangladesh","field","England","Bangladesh","50","6","386","0","11","43","2019","JJ Roy","England"
"ODI","The Cooper Associates County Ground","Taunton","Bangladesh","field","Bangladesh","West Indies","50","6","321","0","22","31","2019","Shakib Al Hasan","Bangladesh"
"ODI","Trent Bridge","Nottingham","Australia","bat","Australia","Bangladesh","50","6","381","0","12","44","2019","DA Warner","Australia"
"ODI","Edgbaston","Birmingham","India","bat","Bangladesh","India","50","6","314","0","13","34","2019","RG Sharma","India"
"ODI","Lord's","London","Pakistan","bat","Bangladesh","Pakistan","50","6","315","0","16","32","2019","Shaheen Shah Afridi","Pakistan"
"Test","Sir Vivian Richards Stadium","North Sound","West Indies","field","Bangladesh","West Indies","undefined","6","43","0","0","3","2018","KAJ Roach","West Indies"
"Test","Sabina Park, Kingston","Jamaica","Bangladesh","field","West Indies","Bangladesh","undefined","6","354","0","27","35","2018","JO Holder","West Indies"
"ODI","Providence Stadium","Guyana","Bangladesh","bat","Bangladesh","West Indies","50","6","279","0","15","25","2018","Tamim Iqbal","Bangladesh"
"ODI","Providence Stadium","Guyana","Bangladesh","field","West Indies","Bangladesh","50","6","271","0","9","26","2018","SO Hetmyer","West Indies"
"ODI","Warner Park, Basseterre","St Kitts","Bangladesh","bat","Bangladesh","West Indies","50","6","301","0","13","30","2018","Tamim Iqbal","Bangladesh"
"T20","Warner Park, Basseterre","St Kitts","West Indies","field","Bangladesh","West Indies","20","6","143","0","12","17","2018","AD Russell","West Indies"
"T20","Central Broward Regional Park Stadium Turf Ground","Lauderhill","West Indies","field","Bangladesh","West Indies","20","6","171","0","4","23","2018","Tamim Iqbal","Bangladesh"
"T20","Central Broward Regional Park Stadium Turf Ground","Lauderhill","Bangladesh","bat","Bangladesh","West Indies","20","6","184","0","11","23","2018","Liton Das","Bangladesh"
"ODI","Dubai International Cricket Stadium","undefined","Bangladesh","bat","Bangladesh","Sri Lanka","50","6","261","0","12","25","2018","Mushfiqur Rahim","Bangladesh"
"ODI","Dubai International Cricket Stadium","undefined","India","field","Bangladesh","India","50","6","173","0","3","15","2018","RA Jadeja","India"
"ODI","Sheikh Zayed Stadium","Abu Dhabi","Bangladesh","bat","Bangladesh","Pakistan","50","6","239","0","9","18","2018","Mushfiqur Rahim","Bangladesh"
"ODI","Dubai International Cricket Stadium","undefined","India","field","Bangladesh","India","50","6","222","0","7","21","2018","Liton Das","India"
"Test","Zahur Ahmed Chowdhury Stadium","Chattogram","Bangladesh","bat","Bangladesh","West Indies","undefined","6","324","0","12","32","2018/19","Mominul Haque","Bangladesh"
"Test","Shere Bangla National Stadium, Mirpur","Dhaka","Bangladesh","bat","Bangladesh","West Indies","undefined","6","508","0","15","38","2018/19","Mehedi Hasan Miraz","Bangladesh"
"ODI","Shere Bangla National Stadium, Mirpur","Dhaka","West Indies","bat","Bangladesh","West Indies","50","6","195","0","5","13","2018/19","Mashrafe Mortaza","Bangladesh"
"ODI","Shere Bangla National Stadium, Mirpur","Dhaka","West Indies","field","Bangladesh","West Indies","50","6","255","0","18","22","2018/19","SD Hope","West Indies"
"ODI","Sylhet International Cricket Stadium","Sylhet","Bangladesh","field","Bangladesh","West Indies","50","6","198","0","16","16","2018/19","Mehedi Hasan Miraz","Bangladesh"
"T20","Sylhet International Cricket Stadium","Sylhet","Bangladesh","bat","Bangladesh","West Indies","20","6","129","0","8","17","2018/19","SS Cottrell","West Indies"
"T20","Shere Bangla National Stadium, Mirpur","Dhaka","West Indies","field","Bangladesh","West Indies","20","6","211","0","18","28","2018/19","Shakib Al Hasan","Bangladesh"
"T20","Shere Bangla National Stadium, Mirpur","Dhaka","Bangladesh","field","Bangladesh","West Indies","20","6","190","0","8","26","2018/19","E Lewis","West Indies"
"ODI","Shere Bangla National Stadium, Mirpur","Dhaka","Bangladesh","bat","Bangladesh","Zimbabwe","50","6","271","0","17","28","2018/19","Imrul Kayes","Bangladesh"
"ODI","Zahur Ahmed Chowdhury Stadium","Chattogram","Bangladesh","field","Zimbabwe","Bangladesh","50","6","246","0","9","23","2018/19","Mohammad Saifuddin","Bangladesh"
"ODI","Zahur Ahmed Chowdhury Stadium","Chattogram","Bangladesh","field","Zimbabwe","Bangladesh","50","6","286","0","11","27","2018/19","Soumya Sarkar","Bangladesh"
"Test","Sylhet International Cricket Stadium","undefined","Zimbabwe","bat","Zimbabwe","Bangladesh","undefined","6","282","0","2","27","2018/19","SC Williams","Zimbabwe"
"Test","Shere Bangla National Stadium, Mirpur","Dhaka","Bangladesh","bat","Bangladesh","Zimbabwe","undefined","6","522","0","21","48","2018/19","Mushfiqur Rahim","Bangladesh"
"ODI","McLean Park","Napier","Bangladesh","bat","New Zealand","Bangladesh","50","6","232","0","27","23","2018/19","MJ Guptill","New Zealand"
"ODI","Hagley Oval","Christchurch","New Zealand","field","New Zealand","Bangladesh","50","6","226","0","23","24","2018/19","MJ Guptill","New Zealand"
"ODI","University Oval","Dunedin","Bangladesh","field","New Zealand","Bangladesh","50","6","330","0","11","35","2018/19","TG Southee","New Zealand"
"Test","Seddon Park","Hamilton","New Zealand","field","New Zealand","Bangladesh","undefined","6","234","0","0","38","2018/19","KS Williamson","New Zealand"
"Test","Basin Reserve","Wellington","New Zealand","field","New Zealand","Bangladesh","undefined","6","211","0","14","29","2018/19","LRPL Taylor","New Zealand"
"ODI","Castle Avenue","Dublin","West Indies","bat","Bangladesh","West Indies","50","6","261","0","17","23","2019","SD Hope","Bangladesh"
"ODI","The Village, Malahide","Dublin","West Indies","bat","Bangladesh","West Indies","50","6","247","0","8","21","2019","Mustafizur Rahman","Bangladesh"
"ODI","Castle Avenue","Dublin","Ireland","bat","Ireland","Bangladesh","50","6","292","0","12","29","2019","Abu Jayed","Bangladesh"
"ODI","The Village, Malahide","Dublin","Bangladesh","field","Bangladesh","West Indies","50","6","152","0","6","16","2019","Mosaddek Hossain","Bangladesh"
"T20","Arun Jaitley Stadium","Delhi","Bangladesh","field","India","Bangladesh","20","6","148","0","4","18","2019/20","Mushfiqur Rahim","Bangladesh"
"T20","Saurashtra Cricket Association Stadium","Rajkot","India","field","India","Bangladesh","20","6","153","0","6","17","2019/20","RG Sharma","India"
"T20","Vidarbha Cricket Association Stadium, Jamtha","Nagpur","Bangladesh","field","India","Bangladesh","20","6","174","0","2","22","2019/20","DL Chahar","India"
"Test","Holkar Cricket Stadium","Indore","Bangladesh","bat","India","Bangladesh","undefined","6","150","0","4","19","2019/20","MA Agarwal","India"
"Test","Eden Gardens","Kolkata","Bangladesh","bat","India","Bangladesh","undefined","6","106","0","14","17","2019/20","I Sharma","India"
"ODI","R.Premadasa Stadium, Khettarama","Colombo","Sri Lanka","bat","Sri Lanka","Bangladesh","50","6","314","0","18","33","2019","MDKJ Perera","Sri Lanka"
"ODI","R.Premadasa Stadium, Khettarama","Colombo","Bangladesh","bat","Sri Lanka","Bangladesh","50","6","238","0","20","19","2019","WIA Fernando","Sri Lanka"
"ODI","R.Premadasa Stadium, Khettarama","Colombo","Sri Lanka","bat","Sri Lanka","Bangladesh","50","6","294","0","4","34","2019","AD Mathews","Sri Lanka"
"T20","Shere Bangla National Stadium, Mirpur","Dhaka","Bangladesh","field","Bangladesh","Zimbabwe","20","6","144","0","6","19","2019","Afif Hossain","Bangladesh"
"T20","Zahur Ahmed Chowdhury Stadium","Chattogram","Zimbabwe","field","Bangladesh","Zimbabwe","20","6","175","0","7","19","2019","Mahmudullah","Bangladesh"
"T20","Gaddafi Stadium","Lahore","Bangladesh","bat","Pakistan","Bangladesh","20","6","141","0","7","16","2019/20","Shoaib Malik","Pakistan"
"T20","Gaddafi Stadium","Lahore","Bangladesh","bat","Pakistan","Bangladesh","20","6","136","0","8","15","2019/20","Babar Azam","Pakistan"
"Test","Rawalpindi Cricket Stadium","Rawalpindi","Pakistan","field","Pakistan","Bangladesh","undefined","6","233","0","10","34","2019/20","Naseem Shah","Pakistan"
"Test","Shere Bangla National Stadium, Mirpur","Dhaka","Zimbabwe","bat","Bangladesh","Zimbabwe","undefined","6","265","0","13","33","2019/20","Mushfiqur Rahim","Bangladesh"
"ODI","Sylhet International Cricket Stadium","Sylhet","Bangladesh","bat","Bangladesh","Zimbabwe","50","6","321","0","6","33","2019/20","Liton Das","Bangladesh"
"ODI","Sylhet International Cricket Stadium","Sylhet","Bangladesh","bat","Bangladesh","Zimbabwe","50","6","322","0","10","39","2019/20","Tamim Iqbal","Bangladesh"
"ODI","Sylhet International Cricket Stadium","Sylhet","Zimbabwe","field","Bangladesh","Zimbabwe","50","6","322","0","8","38","2019/20","Liton Das","Bangladesh"
"T20","Shere Bangla National Stadium, Mirpur","Dhaka","Zimbabwe","field","Bangladesh","Zimbabwe","20","6","200","0","7","25","2019/20","Soumya Sarkar","Bangladesh"
"T20","Shere Bangla National Stadium, Mirpur","Dhaka","Bangladesh","field","Bangladesh","Zimbabwe","20","6","119","0","1","14","2019/20","Liton Das","Bangladesh"
"ODI","University Oval","Dunedin","New Zealand","field","Bangladesh","New Zealand","50","6","131","0","13","11","2020/21","TA Boult","New Zealand"
"ODI","Hagley Oval","Christchurch","New Zealand","field","Bangladesh","New Zealand","50","6","271","0","24","28","2020/21","TWM Latham","New Zealand"
"ODI","Basin Reserve","Wellington","New Zealand","bat","New Zealand","Bangladesh","50","6","318","0","16","34","2020/21","DP Conway","New Zealand"
"T20","Seddon Park","Hamilton","New Zealand","bat","New Zealand","Bangladesh","20","6","210","0","6","29","2020/21","DP Conway","New Zealand"
"T20","McLean Park","Napier","Bangladesh","field","New Zealand","Bangladesh","20","6","173","0","7","23","2020/21","GD Phillips","New Zealand"
"T20","Eden Park","Auckland","Bangladesh","field","New Zealand","Bangladesh","20","6","141","0","1","22","2020/21","FH Allen","New Zealand"
"ODI","Shere Bangla National Stadium","Dhaka","Bangladesh","field","West Indies","Bangladesh","50","6","122","0","4","13","2020/21","Shakib Al Hasan","Bangladesh"
"ODI","Shere Bangla National Stadium","Dhaka","West Indies","bat","West Indies","Bangladesh","50","6","148","0","7","12","2020/21","Mehedi Hasan Miraz","Bangladesh"
"ODI","Zahur Ahmed Chowdhury Stadium","Chattogram","West Indies","field","Bangladesh","West Indies","50","6","297","0","22","23","2020/21","Mushfiqur Rahim","Bangladesh"
"Test","Zahur Ahmed Chowdhury Stadium","Chattogram","Bangladesh","bat","Bangladesh","West Indies","undefined","6","430","0","19","48","2020/21","KR Mayers","West Indies"
"Test","Shere Bangla National Stadium","Dhaka","West Indies","bat","West Indies","Bangladesh","undefined","6","409","0","8","49","2020/21","RRS Cornwall","West Indies"
"Test","Pallekele International Cricket Stadium","Pallekele","Bangladesh","bat","Sri Lanka","Bangladesh","undefined","6","541","0","32","57","2021","FDM Karunaratne","draw"
"Test","Pallekele International Cricket Stadium","Kandy","Sri Lanka","bat","Sri Lanka","Bangladesh","undefined","6","493","0","7","53","2021","P Jayawickrama","Sri Lanka"
"ODI","Shere Bangla National Stadium, Mirpur","Dhaka","Bangladesh","bat","Bangladesh","Sri Lanka","50","6","257","0","12","22","2021","Mushfiqur Rahim","Bangladesh"
"ODI","Sher-e-Bangla National Cricket Stadium","Mirpur","Bangladesh","bat","Bangladesh","Sri Lanka","50","6","246","0","11","21","2021","Mushfiqur Rahim","Bangladesh"
"ODI","Shere Bangla National Stadium, Mirpur","Dhaka","Sri Lanka","bat","Sri Lanka","Bangladesh","50","6","286","0","17","25","2021","PVD Chameera","Sri Lanka"
"Test","Harare Sports Club","Harare","Bangladesh","bat","Bangladesh","Zimbabwe","undefined","6","468","0","39","61","2021","Mahmudullah","Bangladesh"
"ODI","Harare Sports Club","Harare","Zimbabwe","field","Bangladesh","Zimbabwe","50","6","276","0","18","22","2021","Liton Das","Bangladesh"
"ODI","Harare Sports Club","Harare","Zimbabwe","bat","Zimbabwe","Bangladesh","50","6","240","0","15","21","2021","Shakib Al Hasan","Bangladesh"
"ODI","Harare Sports Club","Harare","Bangladesh","field","Zimbabwe","Bangladesh","50","6","298","0","20","32","2021","Tamim Iqbal","Bangladesh"
"T20","Harare Sports Club","Harare","Zimbabwe","bat","Zimbabwe","Bangladesh","20","6","152","0","4","16","2021","Soumya Sarkar","Bangladesh"
"T20","Harare Sports Club","Harare","Zimbabwe","bat","Zimbabwe","Bangladesh","20","6","166","0","10","17","2021","W Madhevere","Zimbabwe"
"T20","Harare Sports Club","Harare","Zimbabwe","bat","Zimbabwe","Bangladesh","20","6","193","0","9","24","2021","Soumya Sarkar","Bangladesh"
"T20","Shere Bangla National Stadium, Mirpur","Dhaka","Australia","field","Bangladesh","Australia","20","6","131","0","6","11","2021","Nasum Ahmed","Bangladesh"
"T20","Shere Bangla National Stadium, Mirpur","Dhaka","Australia","bat","Australia","Bangladesh","20","6","121","0","2","13","2021","Afif Hossain","Bangladesh"
"T20","Shere Bangla National Stadium, Mirpur","Dhaka","Bangladesh","bat","Bangladesh","Australia","20","6","127","0","7","11","2021","Mahmudullah","Bangladesh"
"T20","Shere Bangla National Stadium, Mirpur","Dhaka","Bangladesh","bat","Bangladesh","Australia","20","6","104","0","5","7","2021","MJ Swepson","Australia"
"T20","Shere Bangla National Stadium, Mirpur","Dhaka","Bangladesh","bat","Bangladesh","Australia","20","6","122","0","18","9","2021","Shakib Al Hasan","Bangladesh"
"T20","Shere Bangla National Stadium, Mirpur","Dhaka","New Zealand","bat","New Zealand","Bangladesh","20","6","60","0","2","3","2021","Shakib Al Hasan","Bangladesh"
"T20","Shere Bangla National Stadium, Mirpur","Dhaka","Bangladesh","bat","Bangladesh","New Zealand","20","6","141","0","4","15","2021","Mahmudullah","Bangladesh"
"T20","Shere Bangla National Stadium, Mirpur","Dhaka","New Zealand","bat","New Zealand","Bangladesh","20","6","128","0","2","14","2021","AY Patel","New Zealand"
"T20","Shere Bangla National Stadium, Mirpur","Dhaka","New Zealand","bat","New Zealand","Bangladesh","20","6","93","0","3","8","2021","Nasum Ahmed","Bangladesh"
"T20","Shere Bangla National Stadium, Mirpur","Dhaka","New Zealand","bat","New Zealand","Bangladesh","20","6","161","0","1","21","2021","TWM Latham","New Zealand"
"T20","Al Amerat Cricket Ground Oman Cricket (Ministry Turf 1)","Al Amarat","Bangladesh","field","Scotland","Bangladesh","20","6","140","0","9","15","2021/22","CN Greaves","Scotland"
"T20","Al Amerat Cricket Ground Oman Cricket (Ministry Turf 1)","Al Amarat","Bangladesh","bat","Bangladesh","Oman","20","6","153","0","11","16","2021/22","Shakib Al Hasan","Bangladesh"
"T20","Al Amerat Cricket Ground Oman Cricket (Ministry Turf 1)","Al Amarat","Bangladesh","bat","Bangladesh","Papua New Guinea","20","6","181","0","9","17","2021/22","Shakib Al Hasan","Bangladesh"
"T20","Sharjah Cricket Stadium","Sharjah","Sri Lanka","field","Bangladesh","Sri Lanka","20","6","171","0","9","20","2021/22","KIC Asalanka","Sri Lanka"
"T20","Zayed Cricket Stadium, Abu Dhabi","Abu Dhabi","Bangladesh","bat","Bangladesh","England","20","6","124","0","7","12","2021/22","JJ Roy","England"
"T20","Sharjah Cricket Stadium","Sharjah","Bangladesh","field","West Indies","Bangladesh","20","6","142","0","14","12","2021/22","N Pooran","West Indies"
"T20","Zayed Cricket Stadium, Abu Dhabi","Abu Dhabi","South Africa","field","Bangladesh","South Africa","20","6","84","0","7","5","2021/22","K Rabada","South Africa"
"T20","Dubai International Cricket Stadium","Dubai","Australia","field","Bangladesh","Australia","20","6","73","0","5","8","2021/22","A Zampa","Australia"
"ODI","SuperSport Park, Centurion","Centurion","South Africa","field","Bangladesh","South Africa","50","6","314","0","19","34","2021/22","Shakib Al Hasan","Bangladesh"
"ODI","The Wanderers Stadium, Johannesburg","Johannesburg","Bangladesh","bat","Bangladesh","South Africa","50","6","194","0","17","18","2021/22","K Rabada","South Africa"
"ODI","SuperSport Park, Centurion","Centurion","South Africa","bat","South Africa","Bangladesh","50","6","154","0","17","19","2021/22","Taskin Ahmed","Bangladesh"
"Test","Kingsmead, Durban","Durban","Bangladesh","field","South Africa","Bangladesh","undefined","6","367","0","17","52","2021/22","KA Maharaj","South Africa"
"Test","St George's Park, Port Elizabeth","Gqeberha","South Africa","bat","South Africa","Bangladesh","undefined","6","453","0","5","59","2021/22","KA Maharaj","South Africa"
"T20","Shere Bangla National Stadium, Mirpur","Dhaka","Bangladesh","bat","Bangladesh","Pakistan","20","6","127","0","8","10","2021/22","Hasan Ali","Pakistan"
"T20","Shere Bangla National Stadium, Mirpur","Dhaka","Bangladesh","bat","Bangladesh","Pakistan","20","6","108","0","10","9","2021/22","Fakhar Zaman","Pakistan"
"T20","Shere Bangla National Stadium, Mirpur","Dhaka","Bangladesh","bat","Bangladesh","Pakistan","20","6","124","0","5","14","2021/22","Haider Ali","Pakistan"
"Test","Zahur Ahmed Chowdhury Stadium, Chattogram","Chattogram","Bangladesh","bat","Bangladesh","Pakistan","undefined","6","330","0","16","41","2021/22","Abid Ali","Pakistan"
"Test","Shere Bangla National Stadium, Mirpur","Dhaka","Pakistan","bat","Pakistan","Bangladesh","undefined","6","300","0","1","39","2021/22","Sajid Khan","Pakistan"
"Test","Bay Oval, Mount Maunganui","Mount Maunganui","Bangladesh","field","New Zealand","Bangladesh","undefined","6","328","0","11","47","2021/22","Ebadat Hossain","Bangladesh"
"Test","Hagley Oval, Christchurch","Christchurch","Bangladesh","field","New Zealand","Bangladesh","undefined","6","521","0","14","67","2021/22","TWM Latham","New Zealand"
"T20","Bellerive Oval, Hobart","Hobart","Netherlands","field","Bangladesh","Netherlands","20","6","144","0","15","13","2022/23","Taskin Ahmed","Bangladesh"
"T20","Sydney Cricket Ground","Sydney","South Africa","bat","South Africa","Bangladesh","20","6","205","0","12","27","2022/23","RR Rossouw","South Africa"
"T20","Brisbane Cricket Ground, Woolloongabba, Brisbane","Brisbane","Bangladesh","bat","Bangladesh","Zimbabwe","20","6","150","0","4","14","2022/23","Taskin Ahmed","Bangladesh"
"T20","Adelaide Oval","Adelaide","Bangladesh","field","India","Bangladesh","20","6","184","0","6","24","2022/23","V Kohli","India"
"T20","Adelaide Oval","Adelaide","Bangladesh","bat","Bangladesh","Pakistan","20","6","127","0","6","14","2022/23","Shaheen Shah Afridi","Pakistan"
"Test","Zahur Ahmed Chowdhury Stadium, Chattogram","Chattogram","Sri Lanka","bat","Sri Lanka","Bangladesh","undefined","6","397","0","5","35","2022","AD Mathews","draw"
"Test","Shere Bangla National Stadium, Mirpur","Dhaka","Bangladesh","bat","Bangladesh","Sri Lanka","undefined","6","365","0","17","43","2022","AM Fernando","Sri Lanka"
"Test","Sir Vivian Richards Stadium, North Sound, Antigua","North Sound","West Indies","field","Bangladesh","West Indies","undefined","6","103","0","6","13","2022","KAJ Roach","West Indies"
"Test","Daren Sammy National Cricket Stadium, Gros Islet, St Lucia","Gros Islet","West Indies","field","Bangladesh","West Indies","undefined","6","234","0","4","39","2022","KR Mayers","West Indies"
"T20","Windsor Park, Roseau, Dominica","Roseau","West Indies","field","Bangladesh","West Indies","20","6","105","0","8","13","2022","","no result"
"T20","Windsor Park, Roseau, Dominica","Roseau","West Indies","bat","West Indies","Bangladesh","20","6","193","0","10","24","2022","R Powell","West Indies"
"T20","Providence Stadium, Guyana","Providence","Bangladesh","bat","Bangladesh","West Indies","20","6","163","0","15","16","2022","N Pooran","West Indies"
"ODI","Providence Stadium, Guyana","Providence","Bangladesh","field","West Indies","Bangladesh","50","6","149","0","9","11","2022","Mehedi Hasan Miraz","Bangladesh"
"ODI","Providence Stadium, Guyana","Providence","Bangladesh","field","West Indies","Bangladesh","50","6","108","0","7","11","2022","Nasum Ahmed","Bangladesh"
"ODI","Providence Stadium, Guyana","Providence","Bangladesh","field","West Indies","Bangladesh","50","6","178","0","5","15","2022","Taijul Islam","Bangladesh"
"T20","Hagley Oval, Christchurch","Christchurch","Bangladesh","field","Pakistan","Bangladesh","20","6","167","0","5","22","2022/23","Mohammad Rizwan","Pakistan"
"T20","Hagley Oval, Christchurch","Christchurch","New Zealand","field","Bangladesh","New Zealand","20","6","137","0","6","12","2022/23","MG Bracewell","New Zealand"
"T20","Hagley Oval, Christchurch","Christchurch","Bangladesh","field","New Zealand","Bangladesh","20","6","208","0","10","24","2022/23","GD Phillips","New Zealand"
"T20","Hagley Oval, Christchurch","Christchurch","Bangladesh","bat","Bangladesh","Pakistan","20","6","173","0","5","21","2022/23","Mohammad Rizwan","Pakistan"
"ODI","Harare Sports Club","Harare","Zimbabwe","field","Bangladesh","Zimbabwe","50","6","303","0","15","37","2022","Sikandar Raza","Zimbabwe"
"ODI","Harare Sports Club","Harare","Zimbabwe","field","Bangladesh","Zimbabwe","50","6","290","0","13","33","2022","Sikandar Raza","Zimbabwe"
"ODI","Harare Sports Club","Harare","Zimbabwe","field","Bangladesh","Zimbabwe","50","6","256","0","18","26","2022","Afif Hossain","Bangladesh"
"T20","Harare Sports Club","Harare","Zimbabwe","bat","Zimbabwe","Bangladesh","20","6","205","0","11","28","2022","Sikandar Raza","Zimbabwe"
"T20","Harare Sports Club","Harare","Zimbabwe","bat","Zimbabwe","Bangladesh","20","6","135","0","8","14","2022","Mosaddek Hossain","Bangladesh"
"T20","Harare Sports Club","Harare","Zimbabwe","bat","Zimbabwe","Bangladesh","20","6","156","0","9","21","2022","RP Burl","Zimbabwe"
"T20","Dubai International Cricket Stadium","Dubai","Sri Lanka","field","Bangladesh","Sri Lanka","20","6","183","0","10","21","2022","BKG Mendis","Sri Lanka"
"T20","Dubai International Cricket Stadium","Dubai","United Arab Emirates","field","Bangladesh","United Arab Emirates","20","6","158","0","14","19","2022","Afif Hossain","Bangladesh"
"T20","Dubai International Cricket Stadium","Dubai","United Arab Emirates","field","Bangladesh","United Arab Emirates","20","6","169","0","1","21","2022","Mehedi Hasan Miraz","Bangladesh"
"ODI","Shere Bangla National Stadium, Mirpur","Dhaka","Bangladesh","field","India","Bangladesh","50","6","186","0","14","19","2022/23","Mehedi Hasan Miraz","Bangladesh"
"ODI","Shere Bangla National Stadium, Mirpur","Dhaka","Bangladesh","bat","Bangladesh","India","50","6","271","0","17","31","2022/23","Mehedi Hasan Miraz","Bangladesh"
"ODI","Zahur Ahmed Chowdhury Stadium, Chattogram","Chattogram","Bangladesh","field","India","Bangladesh","50","6","409","0","9","55","2022/23","Ishan Kishan","India"
"Test","Zahur Ahmed Chowdhury Stadium, Chattogram","Chattogram","India","bat","India","Bangladesh","undefined","6","404","0","8","49","2022/23","Kuldeep Yadav","India"
"Test","Shere Bangla National Stadium, Mirpur","Dhaka","Bangladesh","bat","Bangladesh","India","undefined","6","227","0","11","31","2022/23","R Ashwin","India"
"ODI","Shere Bangla National Stadium, Mirpur","Dhaka","Bangladesh","bat","Bangladesh","England","50","6","209","0","26","20","2022/23","DJ Malan","England"
"ODI","Shere Bangla National Stadium, Mirpur","Dhaka","Bangladesh","field","England","Bangladesh","50","6","326","0","13","38","2022/23","JJ Roy","England"
"ODI","Zahur Ahmed Chowdhury Stadium, Chattogram","Chattogram","Bangladesh","bat","Bangladesh","England","50","6","246","0","6","23","2022/23","Shakib Al Hasan","Bangladesh"
"T20","Zahur Ahmed Chowdhury Stadium, Chattogram","Chattogram","Bangladesh","field","England","Bangladesh","20","6","156","0","7","17","2022/23","Nazmul Hossain Shanto","Bangladesh"
"T20","Shere Bangla National Stadium, Mirpur","Dhaka","Bangladesh","field","England","Bangladesh","20","6","117","0","13","12","2022/23","Mehedi Hasan Miraz","Bangladesh"
"T20","Shere Bangla National Stadium, Mirpur","Dhaka","England","field","Bangladesh","England","20","6","158","0","10","17","2022/23","Liton Das","Bangladesh"
"ODI","Sylhet International Cricket Stadium","Sylhet","Ireland","field","Bangladesh","Ireland","50","6","338","0","15","34","2022/23","Towhid Hridoy","Bangladesh"
"ODI","Sylhet International Cricket Stadium","Sylhet","Ireland","field","Bangladesh","Ireland","50","6","349","0","9","39","2022/23","","no result"
"ODI","Sylhet International Cricket Stadium","Sylhet","Ireland","bat","Ireland","Bangladesh","50","6","101","0","8","12","2022/23","Hasan Mahmud","Bangladesh"
"T20","Zahur Ahmed Chowdhury Stadium, Chattogram","Chattogram","Ireland","field","Bangladesh","Ireland","20","6","207","0","12","26","2022/23","Rony Talukdar","Bangladesh"
"T20","Zahur Ahmed Chowdhury Stadium, Chattogram","Chattogram","Ireland","field","Bangladesh","Ireland","20","6","202","0","11","27","2022/23","Shakib Al Hasan","Bangladesh"
"T20","Zahur Ahmed Chowdhury Stadium, Chattogram","Chattogram","Bangladesh","bat","Bangladesh","Ireland","20","6","124","0","4","16","2022/23","PR Stirling","Ireland"
"Test","Shere Bangla National Stadium, Mirpur","Dhaka","Ireland","bat","Ireland","Bangladesh","undefined","6","214","0","3","26","2022/23","Mushfiqur Rahim","Bangladesh"
"ODI","County Ground, Chelmsford","Chelmsford","Ireland","field","Bangladesh","Ireland","50","6","246","0","18","28","2023","","no result"
"ODI","County Ground, Chelmsford","Chelmsford","Bangladesh","field","Ireland","Bangladesh","50","6","319","0","7","36","2023","Nazmul Hossain Shanto","Bangladesh"
"ODI","County Ground, Chelmsford","Chelmsford","Ireland","field","Bangladesh","Ireland","50","6","274","0","26","26","2023","Mustafizur Rahman","Bangladesh"
"ODI","Himachal Pradesh Cricket Association Stadium, Dharamsala","Dharamsala","Bangladesh","field","England","Bangladesh","50","6","364","0","7","48","2023/24","DJ Malan","England"
"ODI","MA Chidambaram Stadium, Chepauk, Chennai","Chennai","New Zealand","field","Bangladesh","New Zealand","50","6","245","0","9","28","2023/24","LH Ferguson","New Zealand"
"ODI","Maharashtra Cricket Association Stadium, Pune","Pune","Bangladesh","bat","Bangladesh","India","50","6","256","0","6","26","2023/24","V Kohli","India"
"ODI","Wankhede Stadium, Mumbai","Mumbai","South Africa","bat","South Africa","Bangladesh","50","6","382","0","10","45","2023/24","Q de Kock","South Africa"
"ODI","Eden Gardens, Kolkata","Kolkata","Netherlands","bat","Netherlands","Bangladesh","50","6","229","0","12","24","2023/24","PA van Meekeren","Netherlands"
"ODI","Eden Gardens, Kolkata","Kolkata","Bangladesh","bat","Bangladesh","Pakistan","50","6","204","0","9","22","2023/24","Fakhar Zaman","Pakistan"
"ODI","Arun Jaitley Stadium, Delhi","Delhi","Bangladesh","field","Sri Lanka","Bangladesh","50","6","279","0","7","34","2023/24","Shakib Al Hasan","Bangladesh"
"ODI","Maharashtra Cricket Association Stadium, Pune","Pune","Australia","field","Bangladesh","Australia","50","6","306","0","24","33","2023/24","MR Marsh","Australia"
"ODI","Saxton Oval, Nelson","Nelson","New Zealand","field","Bangladesh","New Zealand","50","6","291","0","12","33","2023/24","Soumya Sarkar","New Zealand"
"ODI","McLean Park, Napier","Napier","Bangladesh","field","New Zealand","Bangladesh","50","6","98","0","4","10","2023/24","Tanzim Hasan Sakib","Bangladesh"
"T20","McLean Park, Napier","Napier","Bangladesh","field","New Zealand","Bangladesh","20","6","134","0","2","17","2023/24","Mahedi Hasan","Bangladesh"
"T20","Bay Oval, Mount Maunganui","Mount Maunganui","Bangladesh","field","New Zealand","Bangladesh","20","6","72","0","0","8","2023/24","","no result"
"T20","Bay Oval, Mount Maunganui","Mount Maunganui","New Zealand","field","Bangladesh","New Zealand","20","6","110","0","11","12","2023/24","MJ Santner","New Zealand"
"ODI","Pallekele International Cricket Stadium","Kandy","Bangladesh","bat","Bangladesh","Sri Lanka","50","6","164","0","8","12","2023","M Pathirana","Sri Lanka"
"ODI","Gaddafi Stadium, Lahore","Lahore","Bangladesh","bat","Bangladesh","Pakistan","50","6","193","0","8","22","2023","Haris Rauf","Pakistan"
"ODI","R Premadasa Stadium, Colombo","Colombo","Bangladesh","field","Sri Lanka","Bangladesh","50","6","257","0","10","27","2023","S Samarawickrama","Sri Lanka"
"ODI","R Premadasa Stadium, Colombo","Colombo","India","field","Bangladesh","India","50","6","265","0","13","33","2023","Shakib Al Hasan","Bangladesh"
"ODI","Shere Bangla National Stadium, Mirpur","Dhaka","Bangladesh","field","New Zealand","Bangladesh","50","6","136","0","8","10","2023","","no result"
"ODI","Shere Bangla National Stadium, Mirpur","Dhaka","New Zealand","bat","New Zealand","Bangladesh","50","6","254","0","12","30","2023","IS Sodhi","New Zealand"
"ODI","Shere Bangla National Stadium, Mirpur","Dhaka","Bangladesh","bat","Bangladesh","New Zealand","50","6","171","0","10","21","2023","WA Young","New Zealand"
"Test","Sylhet International Cricket Stadium","Sylhet","Bangladesh","bat","Bangladesh","New Zealand","undefined","6","310","0","16","39","2023/24","Taijul Islam","Bangladesh"
"Test","Shere Bangla National Stadium, Mirpur","Dhaka","Bangladesh","bat","Bangladesh","New Zealand","undefined","6","172","0","14","14","2023/24","GD Phillips","New Zealand"
"T20","Zhejiang University of Technology Cricket Field","Hangzhou","Bangladesh","bat","Bangladesh","Malaysia","20","6","116","0","7","13","2023","","Bangladesh"
"T20","Zhejiang University of Technology Cricket Field","Hangzhou","India","field","Bangladesh","India","20","6","96","0","13","6","2023","","India"
"T20","Zhejiang University of Technology Cricket Field","Hangzhou","Bangladesh","field","Pakistan","Bangladesh","20","6","48","0","1","8","2023","","Bangladesh"
"ODI","University Oval, Dunedin","Dunedin","Bangladesh","field","New Zealand","Bangladesh","50","6","239","0","19","33","2023/24","WA Young","New Zealand"
"T20","Grand Prairie Stadium, Dallas","Dallas","Bangladesh","field","Sri Lanka","Bangladesh","20","6","124","0","4","15","2024","Rishad Hossain","Bangladesh"
"T20","Nassau County International Cricket Stadium, New York","New York","South Africa","bat","South Africa","Bangladesh","20","6","113","0","7","11","2024","H Klaasen","South Africa"
"T20","Arnos Vale Ground, Kingstown, St Vincent","Kingstown","Netherlands","field","Bangladesh","Netherlands","20","6","159","0","10","22","2024","Shakib Al Hasan","Bangladesh"
"T20","Arnos Vale Ground, Kingstown, St Vincent","Kingstown","Nepal","field","Bangladesh","Nepal","20","6","106","0","10","11","2024","Tanzim Hasan Sakib","Bangladesh"
"T20","Sir Vivian Richards Stadium, North Sound, Antigua","North Sound","Australia","field","Bangladesh","Australia","20","6","140","0","14","13","2024","PJ Cummins","Australia"
"T20","Sir Vivian Richards Stadium, North Sound, Antigua","North Sound","Bangladesh","field","India","Bangladesh","20","6","196","0","7","25","2024","HH Pandya","India"
"T20","Sylhet International Cricket Stadium","Sylhet","Bangladesh","field","Sri Lanka","Bangladesh","20","6","206","0","19","28","2023/24","KIC Asalanka","Sri Lanka"
"T20","Sylhet International Cricket Stadium","Sylhet","Bangladesh","field","Sri Lanka","Bangladesh","20","6","165","0","5","20","2023/24","Nazmul Hossain Shanto","Bangladesh"
"T20","Sylhet International Cricket Stadium","Sylhet","Bangladesh","field","Sri Lanka","Bangladesh","20","6","174","0","14","22","2023/24","N Thushara","Sri Lanka"
"ODI","Zahur Ahmed Chowdhury Stadium, Chattogram","Chattogram","Sri Lanka","bat","Sri Lanka","Bangladesh","50","6","255","0","12","29","2023/24","Nazmul Hossain Shanto","Bangladesh"
"ODI","Zahur Ahmed Chowdhury Stadium, Chattogram","Chattogram","Sri Lanka","field","Bangladesh","Sri Lanka","50","6","286","0","9","34","2023/24","P Nissanka","Sri Lanka"
"ODI","Zahur Ahmed Chowdhury Stadium, Chattogram","Chattogram","Sri Lanka","bat","Sri Lanka","Bangladesh","50","6","235","0","18","25","2023/24","Rishad Hossain","Bangladesh"
"Test","Sylhet International Cricket Stadium","Sylhet","Bangladesh","field","Sri Lanka","Bangladesh","undefined","6","280","0","11","31","2023/24","DM de Silva","Sri Lanka"
"Test","Zahur Ahmed Chowdhury Stadium, Chattogram","Chattogram","Sri Lanka","bat","Sri Lanka","Bangladesh","undefined","6","531","0","6","60","2023/24","PHKD Mendis","Sri Lanka"
"T20","Zahur Ahmed Chowdhury Stadium, Chattogram","Chattogram","Bangladesh","field","Zimbabwe","Bangladesh","20","6","124","0","9","17","2024","Taskin Ahmed","Bangladesh"
"T20","Zahur Ahmed Chowdhury Stadium, Chattogram","Chattogram","Bangladesh","field","Zimbabwe","Bangladesh","20","6","138","0","7","15","2024","Towhid Hridoy","Bangladesh"
"T20","Zahur Ahmed Chowdhury Stadium, Chattogram","Chattogram","Zimbabwe","field","Bangladesh","Zimbabwe","20","6","165","0","10","18","2024","Towhid Hridoy","Bangladesh"
"T20","Shere Bangla National Stadium, Mirpur","Dhaka","Zimbabwe","field","Bangladesh","Zimbabwe","20","6","143","0","15","15","2024","Mustafizur Rahman","Bangladesh"
"T20","Shere Bangla National Stadium, Mirpur","Dhaka","Zimbabwe","field","Bangladesh","Zimbabwe","20","6","157","0","6","18","2024","BJ Bennett","Zimbabwe"
"T20","Prairie View Cricket Complex","Houston","United States of America","field","Bangladesh","United States of America","20","6","153","0","12","16","2024","Harmeet Singh","United States of America"
"T20","Prairie View Cricket Complex","Houston","Bangladesh","field","United States of America","Bangladesh","20","6","144","0","11","17","2024","Ali Khan","United States of America"
"T20","Prairie View Cricket Complex","Houston","Bangladesh","field","United States of America","Bangladesh","20","6","104","0","8","13","2024","Mustafizur Rahman","Bangladesh"
"Test","Sir Vivian Richards Stadium, North Sound, Antigua","North Sound","Bangladesh","field","West Indies","Bangladesh","undefined","6","450","0","25","36","2024/25","JP Greaves","West Indies"
"Test","MA Chidambaram Stadium, Chepauk, Chennai","Chennai","Bangladesh","field","India","Bangladesh","undefined","6","376","0","30","47","2024/25","R Ashwin","India"
"Test","Green Park, Kanpur","Kanpur","India","field","Bangladesh","India","undefined","6","233","0","12","40","2024/25","YBK Jaiswal","India"
"T20","Shrimant Madhavrao Scindia Cricket Stadium, Gwalior","Gwalior","India","field","Bangladesh","India","20","6","127","0","8","13","2024/25","Arshdeep Singh","India"
"T20","Arun Jaitley Stadium, Delhi","Delhi","Bangladesh","field","India","Bangladesh","20","6","221","0","7","32","2024/25","Nithish Kumar Reddy","India"
"T20","Rajiv Gandhi International Stadium, Uppal, Hyderabad","Hyderabad","India","bat","India","Bangladesh","20","6","297","0","17","47","2024/25","SV Samson","India"
"Test","Rawalpindi Cricket Stadium","Rawalpindi","Bangladesh","field","Pakistan","Bangladesh","undefined","6","448","0","24","34","2024","Mushfiqur Rahim","Bangladesh"
"Test","Rawalpindi Cricket Stadium","Rawalpindi","Bangladesh","field","Pakistan","Bangladesh","undefined","6","274","0","6","20","2024","Liton Das","Bangladesh"
"Test","Shere Bangla National Stadium, Mirpur","Dhaka","Bangladesh","bat","Bangladesh","South Africa","undefined","6","106","0","10","13","2024/25","K Verreynne","South Africa"
"Test","Zahur Ahmed Chowdhury Stadium, Chattogram","Chattogram","South Africa","bat","South Africa","Bangladesh","undefined","6","575","0","15","53","2024/25","T de Zorzi","South Africa"
"Test","Riverside Ground","Chester-le-Street","England","field","Bangladesh","England","undefined","6","104","0","11","11","2005","MJ Hoggard","England"
"ODI","Kennington Oval","London","England","field","Bangladesh","England","50","6","190","0","12","18","2005","ME Trescothick","England"
"ODI","Sophia Gardens","Cardiff","Australia","bat","Australia","Bangladesh","50","6","249","0","13","20","2005","Mohammad Ashraful","Bangladesh"
"ODI","Old Trafford","Manchester","Australia","field","Bangladesh","Australia","50","6","139","0","16","11","2005","A Symonds","Australia"
"ODI","Headingley","Leeds","Bangladesh","bat","Bangladesh","England","50","6","208","0","14","16","2005","AJ Strauss","England"
"ODI","St Lawrence Ground","Canterbury","Australia","field","Bangladesh","Australia","50","6","250","0","23","20","2005","Shahriar Nafees","Australia"
"ODI","Sinhalese Sports Club Ground","Colombo","Bangladesh","field","Sri Lanka","Bangladesh","50","6","269","0","28","28","2005","DPMD Jayawardene","Sri Lanka"
"Test","R.Premadasa Stadium","Colombo","Sri Lanka","field","Bangladesh","Sri Lanka","undefined","6","188","0","22","24","2005","M Muralitharan","Sri Lanka"
"Test","P Sara Oval","Colombo","Sri Lanka","bat","Sri Lanka","Bangladesh","undefined","6","457","0","26","61","2005","TT Samaraweera","Sri Lanka"
"ODI","Shaheed Chandu Stadium","Bogra","Bangladesh","bat","Bangladesh","Sri Lanka","50","6","118","0","10","10","2005/06","PDRL Perera","Sri Lanka"
"Test","Zahur Ahmed Chowdhury Stadium","Chattogram","Bangladesh","bat","Bangladesh","Sri Lanka","undefined","6","319","0","33","38","2005/06","Mohammad Ashraful","Sri Lanka"
"Test","Shaheed Chandu Stadium","Bogra","Bangladesh","bat","Bangladesh","Sri Lanka","undefined","6","234","0","16","23","2005/06","WU Tharanga","Sri Lanka"
"ODI","Shaheed Chandu Stadium","Bogra","Bangladesh","field","Bangladesh","Sri Lanka","50","6","212","0","11","16","2005/06","Aftab Ahmed","Bangladesh"
"ODI","Chittagong Divisional Stadium","undefined","Bangladesh","field","Bangladesh","Sri Lanka","50","6","309","0","8","35","2005/06","KC Sangakkara","Sri Lanka"
"Test","Khan Shaheb Osman Ali Stadium","Fatullah","Bangladesh","bat","Bangladesh","Australia","undefined","6","427","0","29","49","2005/06","AC Gilchrist","Australia"
"ODI","Chittagong Divisional Stadium","undefined","Bangladesh","bat","Bangladesh","Australia","50","6","195","0","27","15","2005/06","AC Gilchrist","Australia"
"ODI","Narayanganj Osmani Stadium","Fatullah","Australia","bat","Bangladesh","Australia","50","6","250","0","12","22","2005/06","A Symonds","Australia"
"ODI","Narayanganj Osmani Stadium","Fatullah","Bangladesh","bat","Bangladesh","Australia","50","6","124","0","19","9","2005/06","MJ Cosgrove","Australia"
"ODI","Queen's Park Oval, Port of Spain","Trinidad","India","bat","Bangladesh","India","50","6","191","0","16","15","2006/07","Mashrafe Mortaza","Bangladesh"
"ODI","Queen's Park Oval, Port of Spain","Trinidad","Bangladesh","field","Bangladesh","Sri Lanka","50","6","318","0","24","32","2006/07","ST Jayasuriya","Sri Lanka"
"ODI","Queen's Park Oval, Port of Spain","Trinidad","Bangladesh","field","Bangladesh","Bermuda","50","6","94","0","11","8","2006/07","Mohammad Ashraful","Bangladesh"
"ODI","Sir Vivian Richards Stadium, North Sound","Antigua","Australia","field","Australia","Bangladesh","50","6","104","0","7","6","2006/07","GD McGrath","Australia"
"ODI","Sir Vivian Richards Stadium, North Sound","Antigua","New Zealand","field","Bangladesh","New Zealand","50","6","174","0","17","15","2006/07","SE Bond","New Zealand"
"ODI","Providence Stadium","Guyana","South Africa","field","Bangladesh","South Africa","50","6","251","0","24","29","2006/07","Mohammad Ashraful","Bangladesh"
"ODI","Kensington Oval, Bridgetown","Barbados","England","field","Bangladesh","England","50","6","143","0","15","16","2006/07","SI Mahmood","England"
"ODI","Kensington Oval, Bridgetown","Barbados","Ireland","bat","Bangladesh","Ireland","50","6","243","0","23","13","2006/07","WTS Porterfield","Ireland"
"ODI","Kensington Oval, Bridgetown","Barbados","Bangladesh","field","West Indies","Bangladesh","50","6","230","0","10","17","2006/07","RR Sarwan","West Indies"
"ODI","Harare Sports Club","undefined","Zimbabwe","bat","Zimbabwe","Bangladesh","50","6","197","0","15","15","2006","Shahriar Nafees","Bangladesh"
"ODI","Gymkhana Club Ground","Nairobi","Bangladesh","field","Kenya","Bangladesh","50","6","168","0","14","20","2006","Mashrafe Mortaza","Bangladesh"
"ODI","Gymkhana Club Ground","Nairobi","Kenya","bat","Kenya","Bangladesh","50","6","184","0","16","18","2006","Mashrafe Mortaza","Bangladesh"
"ODI","Gymkhana Club Ground","Nairobi","Bangladesh","field","Kenya","Bangladesh","50","6","118","0","11","9","2006","Mashrafe Mortaza","Bangladesh"
"ODI","Punjab Cricket Association Stadium, Mohali","Chandigarh","Bangladesh","field","Bangladesh","Sri Lanka","50","6","302","0","21","37","2006/07","WU Tharanga","Sri Lanka"
"ODI","Sawai Mansingh Stadium","Jaipur","Bangladesh","bat","Bangladesh","West Indies","50","6","161","0","7","16","2006/07","CH Gayle","West Indies"
"ODI","Sawai Mansingh Stadium","Jaipur","Zimbabwe","field","Bangladesh","Zimbabwe","50","6","231","0","17","26","2006/07","Shahriar Nafees","Bangladesh"
"ODI","Shaheed Chandu Stadium","Bogra","Bangladesh","field","Bangladesh","Zimbabwe","50","6","217","0","21","18","2006/07","SC Williams","Bangladesh"
"ODI","Shaheed Chandu Stadium","Bogra","Zimbabwe","field","Bangladesh","Zimbabwe","50","6","220","0","19","24","2006/07","Abdur Razzak","Bangladesh"
"ODI","Shere Bangla National Stadium","Mirpur","Bangladesh","field","Bangladesh","Zimbabwe","50","6","146","0","21","11","2006/07","Aftab Ahmed","Bangladesh"
"ODI","Shere Bangla National Stadium","Mirpur","Bangladesh","field","Bangladesh","Zimbabwe","50","6","193","0","8","16","2006/07","GB Brent","Bangladesh"
"ODI","Shere Bangla National Stadium","Mirpur","Bangladesh","bat","Bangladesh","India","50","6","250","0","18","22","2007","MS Dhoni","India"
"ODI","Shere Bangla National Stadium","Mirpur","India","bat","Bangladesh","India","50","6","284","0","22","27","2007","G Gambhir","India"
"Test","Zahur Ahmed Chowdhury Stadium","Chattogram","India","bat","India","Bangladesh","undefined","6","387","0","24","51","2007","Mashrafe Mortaza","draw"
"Test","Shere Bangla National Stadium, Mirpur","Dhaka","Bangladesh","field","India","Bangladesh","undefined","6","610","0","26","66","2007","Z Khan","India"
"T20","New Wanderers Stadium","Johannesburg","Bangladesh","field","Bangladesh","West Indies","20","6","164","0","10","20","2007/08","Mohammad Ashraful","Bangladesh"
"T20","Newlands","Cape Town","South Africa","field","South Africa","Bangladesh","20","6","144","0","14","19","2007/08","M Morkel","South Africa"
"T20","Newlands","Cape Town","Australia","field","Australia","Bangladesh","20","6","123","0","19","10","2007/08","B Lee","Australia"
"T20","New Wanderers Stadium","Johannesburg","Bangladesh","field","Bangladesh","Sri Lanka","20","6","147","0","10","12","2007/08","CRD Fernando","Sri Lanka"
"T20","Newlands","Cape Town","Pakistan","field","Bangladesh","Pakistan","20","6","140","0","14","10","2007/08","Junaid Siddique","Pakistan"
"Test","Sinhalese Sports Club Ground","Colombo","Sri Lanka","field","Bangladesh","Sri Lanka","undefined","6","89","0","9","9","2007","M Muralitharan","Sri Lanka"
"Test","P Sara Oval","Colombo","Sri Lanka","field","Bangladesh","Sri Lanka","undefined","6","62","0","6","5","2007","KC Sangakkara","Sri Lanka"
"Test","Asgiriya Stadium","Kandy","Sri Lanka","field","Bangladesh","Sri Lanka","undefined","6","131","0","12","18","2007","M Muralitharan","Sri Lanka"
"ODI","P Saravanamuttu Stadium","Colombo","Bangladesh","field","Sri Lanka","Bangladesh","50","6","234","0","11","24","2007","CRD Fernando","Sri Lanka"
"ODI","R Premadasa Stadium","Colombo","Sri Lanka","field","Sri Lanka","Bangladesh","50","6","137","0","16","5","2007","ST Jayasuriya","Sri Lanka"
"ODI","R Premadasa Stadium","Colombo","Bangladesh","field","Sri Lanka","Bangladesh","50","6","196","0","15","16","2007","J Mubarak","Sri Lanka"
"ODI","Eden Park","Auckland","New Zealand","field","New Zealand","Bangladesh","50","6","201","0","5","26","2007/08","JM How","New Zealand"
"ODI","McLean Park","Napier","New Zealand","bat","New Zealand","Bangladesh","50","6","335","0","13","37","2007/08","PG Fulton","New Zealand"
"ODI","Queenstown Events Centre","undefined","New Zealand","field","New Zealand","Bangladesh","50","6","93","0","4","10","2007/08","DL Vettori","New Zealand"
"Test","University Oval","Dunedin","New Zealand","field","New Zealand","Bangladesh","undefined","6","137","0","9","21","2007/08","JDP Oram","New Zealand"
"Test","Basin Reserve","Wellington","New Zealand","field","New Zealand","Bangladesh","undefined","6","143","0","13","20","2007/08","DL Vettori","New Zealand"
"T20","Gymkhana Club Ground","Nairobi","Bangladesh","field","Kenya","Bangladesh","20","6","138","0","6","14","2007/08","Nazimuddin","Bangladesh"
"T20","Gymkhana Club Ground","Nairobi","Bangladesh","field","Bangladesh","Pakistan","20","6","191","0","3","20","2007/08","Imran Nazir","Pakistan"
"Test","Shere Bangla National Stadium","Mirpur","Bangladesh","bat","Bangladesh","South Africa","undefined","6","192","0","11","21","2007/08","JH Kallis","South Africa"
"Test","Chittagong Divisional Stadium","undefined","South Africa","bat","Bangladesh","South Africa","undefined","6","583","0","20","71","2007/08","GC Smith","South Africa"
"ODI","Chittagong Divisional Stadium","undefined","Bangladesh","bat","Bangladesh","South Africa","50","6","178","0","11","14","2007/08","GC Smith","South Africa"
"ODI","Shere Bangla National Stadium","Mirpur","Bangladesh","bat","Bangladesh","South Africa","50","6","173","0","18","12","2007/08","A Nel","South Africa"
"ODI","Shere Bangla National Stadium","Mirpur","Bangladesh","bat","Bangladesh","South Africa","50","6","143","0","17","13","2007/08","JA Morkel","South Africa"
"ODI","Gaddafi Stadium","Lahore","Bangladesh","bat","Bangladesh","United Arab Emirates","50","6","300","0","18","24","2008","Mohammad Ashraful","Bangladesh"
"ODI","Gaddafi Stadium","Lahore","Bangladesh","field","Bangladesh","Sri Lanka","50","6","357","0","22","41","2008","KC Sangakkara","Sri Lanka"
"ODI","National Stadium","Karachi","Bangladesh","bat","Bangladesh","India","50","6","283","0","14","33","2008","SK Raina","India"
"ODI","National Stadium","Karachi","Sri Lanka","bat","Bangladesh","Sri Lanka","50","6","332","0","10","44","2008","ST Jayasuriya","Sri Lanka"
"ODI","National Stadium","Karachi","Bangladesh","bat","Pakistan","Bangladesh","50","6","115","0","16","10","2008","Abdur Rauf","Pakistan"
"ODI","Marrara Cricket Ground","Darwin","Bangladesh","field","Australia","Bangladesh","50","6","254","0","21","16","2008","MEK Hussey","Australia"
"ODI","Marrara Cricket Ground","Darwin","Bangladesh","bat","Australia","Bangladesh","50","6","117","0","18","8","2008","SE Marsh","Australia"
"ODI","Marrara Cricket Ground","Darwin","Australia","bat","Australia","Bangladesh","50","6","198","0","10","12","2008","Tamim Iqbal","Australia"
"ODI","Gaddafi Stadium","Lahore","Pakistan","bat","Pakistan","Bangladesh","50","6","322","0","10","33","2007/08","Mohammad Yousuf","Pakistan"
"ODI","Iqbal Stadium","Faisalabad","Bangladesh","bat","Pakistan","Bangladesh","50","6","225","0","21","26","2007/08","Salman Butt","Pakistan"
"ODI","Gaddafi Stadium","Lahore","Pakistan","bat","Pakistan","Bangladesh","50","6","308","0","8","36","2007/08","Salman Butt","Pakistan"
"ODI","Multan Cricket Stadium","undefined","Bangladesh","bat","Pakistan","Bangladesh","50","6","210","0","19","14","2007/08","Shakib Al Hasan","Pakistan"
"ODI","National Stadium","Karachi","Pakistan","bat","Pakistan","Bangladesh","50","6","329","0","12","31","2007/08","Mohammad Asif","Pakistan"
"T20","National Stadium","Karachi","Pakistan","bat","Pakistan","Bangladesh","20","6","203","0","7","23","2007/08","Misbah-ul-Haq","Pakistan"
"ODI","Shere Bangla National Stadium","Mirpur","Bangladesh","field","Bangladesh","Pakistan","50","6","233","0","7","26","2008","Salman Butt","Pakistan"
"ODI","Shere Bangla National Stadium","Mirpur","Bangladesh","bat","Bangladesh","India","50","6","222","0","12","14","2008","G Gambhir","India"
"Test","OUTsurance Oval","Bloemfontein","Bangladesh","field","South Africa","Bangladesh","undefined","6","441","0","23","50","2008/09","GC Smith","South Africa"
"Test","SuperSport Park","Centurion","Bangladesh","bat","South Africa","Bangladesh","undefined","6","250","0","15","39","2008/09","AG Prince","South Africa"
"T20","New Wanderers Stadium","Johannesburg","Bangladesh","field","South Africa","Bangladesh","20","6","118","0","13","12","2008/09","Abdur Razzak","South Africa"
"ODI","Senwes Park","Potchefstroom","South Africa","bat","South Africa","Bangladesh","50","6","283","0","9","33","2008/09","DW Steyn","South Africa"
"T20","Trent Bridge","Nottingham","India","bat","Bangladesh","India","20","6","180","0","5","20","2009","PP Ojha","India"
"T20","Trent Bridge","Nottingham","Ireland","field","Bangladesh","Ireland","20","6","137","0","7","11","2009","NJ O'Brien","Ireland"
"Test","Shere Bangla National Stadium","Mirpur","Bangladesh","field","Bangladesh","New Zealand","undefined","6","262","0","11","32","2008/09","DL Vettori","draw"
"Test","Chittagong Divisional Stadium","undefined","Sri Lanka","bat","Bangladesh","Sri Lanka","undefined","6","384","0","19","48","2008/09","TM Dilshan","Sri Lanka"
"ODI","Shere Bangla National Stadium","Mirpur","Bangladesh","field","Bangladesh","Zimbabwe","50","6","205","0","14","22","2008/09","E Chigumbura","Zimbabwe"
"ODI","Shere Bangla National Stadium","Mirpur","Bangladesh","field","Bangladesh","Sri Lanka","50","6","147","0","14","12","2008/09","Shakib Al Hasan","Bangladesh"
"ODI","Shere Bangla National Stadium","Mirpur","Bangladesh","field","Bangladesh","Zimbabwe","50","6","119","0","6","13","2008/09","Mashrafe Mortaza","Bangladesh"
"Test","Arnos Vale Ground, Kingstown","St Vincent","Bangladesh","bat","West Indies","Bangladesh","undefined","6","238","0","7","30","2009","Tamim Iqbal","Bangladesh"
"Test","National Cricket Stadium, St George's","Grenada","Bangladesh","field","West Indies","Bangladesh","undefined","6","237","0","4","29","2009","Shakib Al Hasan","Bangladesh"
"ODI","Windsor Park, Roseau","Dominica","West Indies","field","West Indies","Bangladesh","50","6","246","0","19","17","2009","Abdur Razzak","Bangladesh"
"ODI","Windsor Park, Roseau","Dominica","West Indies","bat","West Indies","Bangladesh","50","6","274","0","13","23","2009","Shakib Al Hasan","Bangladesh"
"ODI","Warner Park, Basseterre","St Kitts","West Indies","bat","West Indies","Bangladesh","50","6","248","0","20","32","2009","Mahmudullah","Bangladesh"
"T20","Warner Park, Basseterre","St Kitts","Bangladesh","bat","West Indies","Bangladesh","20","6","118","0","16","13","2009","DJG Sammy","West Indies"
"ODI","Queens Sports Club","Bulawayo","Bangladesh","field","Zimbabwe","Bangladesh","50","6","207","0","8","15","2009","Mohammad Ashraful","Bangladesh"
"ODI","Queens Sports Club","Bulawayo","Zimbabwe","field","Zimbabwe","Bangladesh","50","6","320","0","18","32","2009","Shakib Al Hasan","Bangladesh"
"ODI","Queens Sports Club","Bulawayo","Bangladesh","field","Zimbabwe","Bangladesh","50","6","323","0","8","26","2009","E Chigumbura","Zimbabwe"
"ODI","Queens Sports Club","Bulawayo","Zimbabwe","bat","Zimbabwe","Bangladesh","50","6","312","0","17","30","2009","CK Coventry","Bangladesh"
"ODI","Queens Sports Club","Bulawayo","Zimbabwe","bat","Zimbabwe","Bangladesh","50","6","209","0","9","22","2009","Dolar Mahmud","Bangladesh"
"T20","Beausejour Stadium, Gros Islet","St Lucia","Pakistan","bat","Bangladesh","Pakistan","20","6","172","0","3","19","2010","Salman Butt","Pakistan"
"T20","Kensington Oval, Bridgetown","Barbados","Australia","bat","Australia","Bangladesh","20","6","141","0","6","12","2010","MEK Hussey","Australia"
"ODI","Shere Bangla National Stadium","Mirpur","Zimbabwe","field","Bangladesh","Zimbabwe","50","6","186","0","7","21","2009/10","E Chigumbura","Zimbabwe"
"ODI","Shere Bangla National Stadium","Mirpur","Zimbabwe","bat","Bangladesh","Zimbabwe","50","6","219","0","19","21","2009/10","Abdur Razzak","Bangladesh"
"ODI","Shere Bangla National Stadium","Mirpur","Bangladesh","field","Bangladesh","Zimbabwe","50","6","196","0","12","23","2009/10","Tamim Iqbal","Bangladesh"
"ODI","Zohur Ahmed Chowdhury Stadium","Chittagong","Zimbabwe","bat","Bangladesh","Zimbabwe","50","6","44","0","3","3","2009/10","Nazmul Hossain","Bangladesh"
"ODI","Zohur Ahmed Chowdhury Stadium","Chittagong","Bangladesh","field","Bangladesh","Zimbabwe","50","6","221","0","12","22","2009/10","Naeem Islam","Bangladesh"
"T20","Seddon Park","Hamilton","Bangladesh","bat","New Zealand","Bangladesh","20","6","78","0","2","10","2009/10","DL Vettori","New Zealand"
"ODI","McLean Park","Napier","New Zealand","bat","New Zealand","Bangladesh","50","6","336","0","13","39","2009/10","JDP Oram","New Zealand"
"ODI","University Oval","Dunedin","New Zealand","field","New Zealand","Bangladesh","50","6","183","0","8","22","2009/10","LRPL Taylor","New Zealand"
"ODI","AMI Stadium","Christchurch","New Zealand","field","New Zealand","Bangladesh","50","6","241","0","21","25","2009/10","MJ Guptill","New Zealand"
"Test","Seddon Park","Hamilton","Bangladesh","field","New Zealand","Bangladesh","undefined","6","553","0","24","62","2009/10","MJ Guptill","New Zealand"
"Test","Lord's","London","Bangladesh","field","England","Bangladesh","undefined","6","505","0","31","46","2010","ST Finn","England"
"Test","Old Trafford","Manchester","England","bat","England","Bangladesh","undefined","6","419","0","17","46","2010","IR Bell","England"
"ODI","Trent Bridge","Nottingham","Bangladesh","bat","England","Bangladesh","50","6","250","0","19","23","2010","IR Bell","England"
"ODI","County Ground","Bristol","England","field","England","Bangladesh","50","6","236","0","19","17","2010","Mashrafe Mortaza","Bangladesh"
"ODI","Edgbaston","Birmingham","Bangladesh","field","England","Bangladesh","50","6","347","0","11","42","2010","AJ Strauss","England"
"ODI","Shere Bangla National Stadium","Mirpur","England","field","Bangladesh","England","50","6","228","0","10","24","2009/10","Tamim Iqbal","England"
"ODI","Shere Bangla National Stadium","Mirpur","England","field","Bangladesh","England","50","6","260","0","14","20","2009/10","EJG Morgan","England"
"ODI","Zohur Ahmed Chowdhury Stadium","Chittagong","Bangladesh","field","Bangladesh","England","50","6","284","0","13","28","2009/10","C Kieswetter","England"
"Test","Zohur Ahmed Chowdhury Stadium","Chittagong","Bangladesh","field","Bangladesh","England","undefined","6","599","0","29","66","2009/10","GP Swann","England"
"Test","Shere Bangla National Stadium","Mirpur","Bangladesh","bat","Bangladesh","England","undefined","6","419","0","13","69","2009/10","Shakib Al Hasan","England"
"ODI","Shere Bangla National Stadium","Mirpur","Bangladesh","field","Bangladesh","India","50","6","370","0","20","36","2010/11","V Sehwag","India"
"ODI","Shere Bangla National Stadium","Mirpur","Bangladesh","bat","Bangladesh","Ireland","50","6","205","0","11","18","2010/11","Tamim Iqbal","Bangladesh"
"ODI","Shere Bangla National Stadium","Mirpur","Bangladesh","bat","Bangladesh","West Indies","50","6","58","0","2","7","2010/11","KAJ Roach","West Indies"
"ODI","Zahur Ahmed Chowdhury Stadium","Chittagong","Bangladesh","field","Bangladesh","England","50","6","225","0","10","17","2010/11","Imrul Kayes","Bangladesh"
"ODI","Zahur Ahmed Chowdhury Stadium","Chittagong","Netherlands","bat","Bangladesh","Netherlands","50","6","160","0","9","10","2010/11","Imrul Kayes","Bangladesh"
"ODI","Shere Bangla National Stadium","Mirpur","South Africa","bat","Bangladesh","South Africa","50","6","284","0","7","29","2010/11","LL Tsotsobe","South Africa"
"Test","Zahur Ahmed Chowdhury Stadium","Chittagong","Bangladesh","field","Bangladesh","India","undefined","6","243","0","13","30","2009/10","SR Tendulkar","India"
"Test","Shere Bangla National Stadium","Mirpur","Bangladesh","bat","Bangladesh","India","undefined","6","233","0","2","31","2009/10","Z Khan","India"
"ODI","Shere Bangla National Stadium","Mirpur","Sri Lanka","field","Bangladesh","Sri Lanka","50","6","260","0","18","23","2009/10","TM Dilshan","Sri Lanka"
"ODI","Shere Bangla National Stadium","Mirpur","Bangladesh","bat","Bangladesh","India","50","6","296","0","25","30","2009/10","MS Dhoni","India"
"ODI","Shere Bangla National Stadium","Mirpur","Sri Lanka","field","Bangladesh","Sri Lanka","50","6","249","0","14","21","2009/10","WU Tharanga","Sri Lanka"
"ODI","Shere Bangla National Stadium","Mirpur","India","field","Bangladesh","India","50","6","247","0","11","28","2009/10","V Kohli","India"
"ODI","Civil Service Cricket Club, Stormont","Belfast","Ireland","bat","Ireland","Bangladesh","50","6","189","0","13","18","2010","Shafiul Islam","Bangladesh"
"ODI","Rangiri Dambulla International Stadium","undefined","Bangladesh","bat","Bangladesh","India","50","6","167","0","21","16","2010","G Gambhir","India"
"ODI","Rangiri Dambulla International Stadium","undefined","Sri Lanka","bat","Sri Lanka","Bangladesh","50","6","312","0","13","33","2010","TM Dilshan","Sri Lanka"
"ODI","Rangiri Dambulla International Stadium","undefined","Pakistan","bat","Bangladesh","Pakistan","50","6","385","0","11","51","2010","Shahid Afridi","Pakistan"
"ODI","Shere Bangla National Stadium","Mirpur","Bangladesh","bat","Bangladesh","New Zealand","50","6","228","0","18","24","2010/11","Shakib Al Hasan","Bangladesh"
"ODI","Shere Bangla National Stadium","Mirpur","Bangladesh","field","Bangladesh","New Zealand","50","6","173","0","5","16","2010/11","Suhrawadi Shuvo","Bangladesh"
"ODI","Shere Bangla National Stadium","Mirpur","New Zealand","field","Bangladesh","New Zealand","50","6","241","0","9","26","2010/11","Shakib Al Hasan","Bangladesh"
"ODI","Shere Bangla National Stadium","Mirpur","Bangladesh","bat","Bangladesh","New Zealand","50","6","174","0","17","15","2010/11","Rubel Hossain","Bangladesh"
"ODI","Shere Bangla National Stadium","Mirpur","Bangladesh","field","Bangladesh","Zimbabwe","50","6","209","0","16","19","2010/11","CB Mpofu","Zimbabwe"
"ODI","Shere Bangla National Stadium","Mirpur","Bangladesh","field","Bangladesh","Zimbabwe","50","6","191","0","8","18","2010/11","Abdur Razzak","Bangladesh"
"ODI","Shere Bangla National Stadium","Mirpur","Zimbabwe","field","Bangladesh","Zimbabwe","50","6","246","0","22","23","2010/11","Abdur Razzak","Bangladesh"
"ODI","Zahur Ahmed Chowdhury Stadium","Chittagong","Zimbabwe","bat","Bangladesh","Zimbabwe","50","6","188","0","14","9","2010/11","Tamim Iqbal","Bangladesh"
"ODI","Shere Bangla National Stadium","Mirpur","Bangladesh","field","Bangladesh","Australia","50","6","270","0","8","26","2011","MJ Clarke","Australia"
"ODI","Shere Bangla National Stadium","Mirpur","Bangladesh","bat","Bangladesh","Australia","50","6","229","0","10","24","2011","SR Watson","Australia"
"ODI","Shere Bangla National Stadium","Mirpur","Australia","bat","Bangladesh","Australia","50","6","361","0","8","46","2011","MEK Hussey","Australia"
"Test","Harare Sports Club","undefined","Bangladesh","field","Zimbabwe","Bangladesh","undefined","6","370","0","18","38","2011","BRM Taylor","Zimbabwe"
"ODI","Harare Sports Club","undefined","Zimbabwe","field","Zimbabwe","Bangladesh","50","6","184","0","7","12","2011","BV Vitori","Zimbabwe"
"ODI","Harare Sports Club","undefined","Zimbabwe","field","Zimbabwe","Bangladesh","50","6","188","0","15","14","2011","BV Vitori","Zimbabwe"
"ODI","Harare Sports Club","undefined","Bangladesh","field","Zimbabwe","Bangladesh","50","6","250","0","6","24","2011","Mushfiqur Rahim","Zimbabwe"
"ODI","Queens Sports Club","Bulawayo","Bangladesh","field","Zimbabwe","Bangladesh","50","6","199","0","14","17","2011","Rubel Hossain","Bangladesh"
"ODI","Queens Sports Club","Bulawayo","Zimbabwe","field","Zimbabwe","Bangladesh","50","6","253","0","14","22","2011","Shakib Al Hasan","Bangladesh"
"T20","Shere Bangla National Stadium","Mirpur","Bangladesh","field","Bangladesh","West Indies","20","6","132","0","10","13","2011/12","Mushfiqur Rahim","Bangladesh"
"ODI","Shere Bangla National Stadium","Mirpur","Bangladesh","field","Bangladesh","West Indies","50","6","298","0","10","29","2011/12","LMP Simmons","West Indies"
"ODI","Shere Bangla National Stadium","Mirpur","Bangladesh","bat","Bangladesh","West Indies","50","6","220","0","9","20","2011/12","MN Samuels","West Indies"
"ODI","Zahur Ahmed Chowdhury Stadium","Chittagong","Bangladesh","field","Bangladesh","West Indies","50","6","61","0","8","5","2011/12","Shakib Al Hasan","Bangladesh"
"Test","Zahur Ahmed Chowdhury Stadium","Chittagong","Bangladesh","bat","Bangladesh","West Indies","undefined","6","350","0","23","36","2011/12","Elias Sunny","draw"
"Test","Shere Bangla National Stadium","Mirpur","West Indies","bat","Bangladesh","West Indies","undefined","6","355","0","10","43","2011/12","KA Edwards","West Indies"
"T20","Pallekele International Cricket Stadium","undefined","Bangladesh","field","Bangladesh","New Zealand","20","6","191","0","8","24","2012/13","BB McCullum","New Zealand"
"T20","Pallekele International Cricket Stadium","undefined","Bangladesh","bat","Bangladesh","Pakistan","20","6","175","0","11","25","2012/13","Imran Nazir","Pakistan"
"ODI","Shere Bangla National Stadium","Mirpur","Bangladesh","field","Bangladesh","Pakistan","50","6","262","0","8","23","2011/12","Mohammad Hafeez","Pakistan"
"ODI","Shere Bangla National Stadium","Mirpur","Bangladesh","field","Bangladesh","India","50","6","289","0","18","28","2011/12","Shakib Al Hasan","Bangladesh"
"ODI","Shere Bangla National Stadium","Mirpur","Bangladesh","field","Bangladesh","Sri Lanka","50","6","232","0","11","20","2011/12","Shakib Al Hasan","Bangladesh"
"ODI","Shere Bangla National Stadium","Mirpur","Bangladesh","field","Bangladesh","Pakistan","50","6","236","0","18","22","2011/12","Shahid Afridi","Pakistan"
"T20","Shere Bangla National Stadium","Mirpur","Pakistan","bat","Bangladesh","Pakistan","20","6","135","0","14","13","2011/12","Mohammad Hafeez","Pakistan"
"ODI","Shere Bangla National Stadium","Mirpur","Bangladesh","bat","Bangladesh","Pakistan","50","6","91","0","12","7","2011/12","Shahid Afridi","Pakistan"
"ODI","Shere Bangla National Stadium","Mirpur","Pakistan","bat","Bangladesh","Pakistan","50","6","262","0","22","24","2011/12","Nasir Hossain","Pakistan"
"ODI","Zahur Ahmed Chowdhury Stadium","Chittagong","Pakistan","bat","Bangladesh","Pakistan","50","6","177","0","16","16","2011/12","Umar Akmal","Pakistan"
"Test","Zahur Ahmed Chowdhury Stadium","Chittagong","Pakistan","field","Bangladesh","Pakistan","undefined","6","135","0","10","19","2011/12","Younis Khan","Pakistan"
"Test","Shere Bangla National Stadium","Mirpur","Pakistan","field","Bangladesh","Pakistan","undefined","6","338","0","3","42","2011/12","Shakib Al Hasan","Pakistan"
"T20","Civil Service Cricket Club, Stormont","Belfast","Ireland","field","Ireland","Bangladesh","20","6","190","0","10","23","2012","Elias Sunny","Bangladesh"
"T20","Sportpark Westvliet","The Hague","Netherlands","bat","Netherlands","Bangladesh","20","6","144","0","9","14","2012","","Bangladesh"
"T20","Sportpark Westvliet","The Hague","Bangladesh","bat","Netherlands","Bangladesh","20","6","128","0","3","12","2012","","Netherlands"
"Test","Shere Bangla National Stadium","Mirpur","West Indies","bat","Bangladesh","West Indies","undefined","6","527","0","27","63","2012/13","KOA Powell","West Indies"
"Test","Sheikh Abu Naser Stadium","Khulna","Bangladesh","bat","Bangladesh","West Indies","undefined","6","387","0","8","54","2012/13","MN Samuels","West Indies"
"ODI","Sheikh Abu Naser Stadium","Khulna","West Indies","bat","Bangladesh","West Indies","50","6","199","0","11","24","2012/13","Sohag Gazi","Bangladesh"
"ODI","Sheikh Abu Naser Stadium","Khulna","West Indies","field","Bangladesh","West Indies","50","6","292","0","26","32","2012/13","Anamul Haque","Bangladesh"
"ODI","Shere Bangla National Stadium","Mirpur","West Indies","field","Bangladesh","West Indies","50","6","227","0","26","22","2012/13","MN Samuels","West Indies"
"ODI","Shere Bangla National Stadium","Mirpur","Bangladesh","field","Bangladesh","West Indies","50","6","211","0","19","22","2012/13","DJG Sammy","West Indies"
"ODI","Shere Bangla National Stadium","Mirpur","Bangladesh","field","Bangladesh","West Indies","50","6","217","0","23","22","2012/13","Mahmudullah","Bangladesh"
"T20","Shere Bangla National Stadium","Mirpur","West Indies","bat","Bangladesh","West Indies","20","6","197","0","8","28","2012/13","MN Samuels","West Indies"
"Test","Galle International Stadium","undefined","Sri Lanka","bat","Sri Lanka","Bangladesh","undefined","6","570","0","35","64","2012/13","Mushfiqur Rahim","draw"
"Test","R Premadasa Stadium","Colombo","Sri Lanka","field","Sri Lanka","Bangladesh","undefined","6","240","0","17","13","2012/13","HMRKB Herath","Sri Lanka"
"ODI","Mahinda Rajapaksa International Cricket Stadium, Sooriyawewa","Hambantota","Sri Lanka","field","Sri Lanka","Bangladesh","50","6","259","0","14","26","2012/13","TM Dilshan","Sri Lanka"
"ODI","Mahinda Rajapaksa International Cricket Stadium, Sooriyawewa","Hambantota","Bangladesh","field","Sri Lanka","Bangladesh","50","6","33","0","5","4","2012/13","","no result"
"ODI","Pallekele International Cricket Stadium","undefined","Sri Lanka","bat","Sri Lanka","Bangladesh","50","6","302","0","17","29","2012/13","TM Dilshan","Bangladesh"
"T20","Pallekele International Cricket Stadium","undefined","Bangladesh","field","Sri Lanka","Bangladesh","20","6","198","0","26","20","2012/13","MDKJ Perera","Sri Lanka"
"T20","Queens Sports Club","Bulawayo","Zimbabwe","bat","Zimbabwe","Bangladesh","20","6","168","0","11","18","2013","H Masakadza","Zimbabwe"
"T20","Queens Sports Club","Bulawayo","Bangladesh","bat","Zimbabwe","Bangladesh","20","6","168","0","15","21","2013","Shakib Al Hasan","Bangladesh"
"ODI","Queens Sports Club","Bulawayo","Zimbabwe","field","Zimbabwe","Bangladesh","50","6","269","0","36","24","2013","Ziaur Rahman","Bangladesh"
"ODI","Queens Sports Club","Bulawayo","Zimbabwe","field","Zimbabwe","Bangladesh","50","6","252","0","18","22","2013","SC Williams","Zimbabwe"
"ODI","Queens Sports Club","Bulawayo","Zimbabwe","field","Zimbabwe","Bangladesh","50","6","247","0","12","21","2013","V Sibanda","Zimbabwe"
"Test","Harare Sports Club","undefined","Bangladesh","field","Zimbabwe","Bangladesh","undefined","6","389","0","13","25","2013","BRM Taylor","Zimbabwe"
"Test","Harare Sports Club","undefined","Zimbabwe","field","Zimbabwe","Bangladesh","undefined","6","391","0","14","43","2013","Mushfiqur Rahim","Bangladesh"
"Test","Marrara Cricket Ground, Darwin","Darwin","Australia","field","Bangladesh","Australia","undefined","6","97","0","15","6","2003","SR Waugh","Australia"
"Test","Multan Cricket Stadium","Multan","Bangladesh","bat","Bangladesh","Pakistan","undefined","6","281","0","27","32","2003","Inzamam-ul-Haq","Pakistan"
"Test","Bangabandhu National Stadium, Dhaka","Dhaka","Bangladesh","bat","Bangladesh","England","undefined","6","203","0","7","18","2003/04","SJ Harmison","England"
"Test","MA Aziz Stadium, Chittagong","Chattogram","Bangladesh","field","England","Bangladesh","undefined","6","326","0","25","39","2003/04","RL Johnson","England"
"Test","MA Aziz Stadium","Chattogram","New Zealand","bat","New Zealand","Bangladesh","undefined","6","545","0","40","60","2004/05","SP Fleming","New Zealand"
"Test","Bangabandhu National Stadium","Dhaka","India","field","Bangladesh","India","undefined","6","184","0","6","25","2004/05","IK Pathan","India"
"ODI","Bundaberg Rum Stadium, Cairns","Cairns","Australia","field","Bangladesh","Australia","50","6","105","0","9","9","2003","B Lee","Australia"
"ODI","Bundaberg Rum Stadium, Cairns","Cairns","Bangladesh","bat","Bangladesh","Australia","50","6","147","0","20","9","2003","DR Martyn","Australia"
"ODI","Marrara Cricket Ground, Darwin","Darwin","Australia","bat","Australia","Bangladesh","50","6","254","0","13","16","2003","RT Ponting","Australia"
"ODI","Multan Cricket Stadium","Multan","Pakistan","bat","Pakistan","Bangladesh","50","6","323","0","16","41","2003","Yasir Hameed","Pakistan"
"ODI","Rawalpindi Cricket Stadium","Rawalpindi","Bangladesh","bat","Bangladesh","Pakistan","50","6","222","0","20","14","2003","Yousuf Youhana","Pakistan"
"ODI","National Stadium, Karachi","Karachi","Pakistan","bat","Pakistan","Bangladesh","50","6","302","0","10","34","2003","Yasir Hameed","Pakistan"
"ODI","MA Aziz Stadium, Chittagong","Chattogram","Bangladesh","bat","Bangladesh","England","50","6","143","0","29","12","2003/04","A Flintoff","England"
"ODI","Bangabandhu National Stadium, Dhaka","Dhaka","Bangladesh","bat","Bangladesh","England","50","6","134","0","14","13","2003/04","A Flintoff","England"
"ODI","Bangabandhu National Stadium, Dhaka","Dhaka","Bangladesh","bat","Bangladesh","England","50","6","182","0","15","17","2003/04","A Flintoff","England"
"ODI","Harare Sports Club","Harare","Bangladesh","bat","Bangladesh","Zimbabwe","50","6","183","0","16","12","2003/04","Khaled Mahmud","Zimbabwe"
"ODI","Arnos Vale Ground","Kingstown","West Indies","field","Bangladesh","West Indies","50","6","144","0","26","4","2004","IDR Bradshaw","West Indies"
"ODI","Arnos Vale Ground","Kingstown","Bangladesh","field","West Indies","Bangladesh","50","6","124","0","4","6","2004","DR Smith","West Indies"
"ODI","National Cricket Stadium","St George's","Bangladesh","bat","Bangladesh","West Indies","50","6","118","0","11","6","2004","DS Smith","West Indies"
"ODI","MA Aziz Stadium","Chattogram","New Zealand","bat","New Zealand","Bangladesh","50","6","224","0","18","18","2004/05","CL Cairns","New Zealand"
"ODI","MA Aziz Stadium","Chattogram","Bangladesh","field","India","Bangladesh","50","6","245","0","18","25","2004/05","M Kaif","India"
"ODI","Bangabandhu National Stadium","Dhaka","India","bat","India","Bangladesh","50","6","348","0","11","43","2004/05","V Sehwag","India"
"ODI","MA Aziz Stadium","Chattogram","Zimbabwe","bat","Zimbabwe","Bangladesh","50","6","237","0","17","23","2004/05","BG Rogers","Zimbabwe"
"ODI","Bangabandhu National Stadium","Dhaka","Zimbabwe","bat","Zimbabwe","Bangladesh","50","6","198","0","6","19","2004/05","Mohammad Rafique","Bangladesh"
"ODI","Kingsmead, Durban","Durban","Canada","bat","Canada","Bangladesh","50","6","180","0","23","19","2002/03","A Codrington","Canada"
"ODI","Willowmoore Park, Benoni","Benoni","Bangladesh","field","West Indies","Bangladesh","50","6","244","0","27","22","2002/03","","no result"
"ODI","Goodyear Park, Bloemfontein","Bloemfontein","South Africa","field","Bangladesh","South Africa","50","6","108","0","20","8","2002/03","M Ntini","South Africa"
"ODI","De Beers Diamond Oval, Kimberley","Kimberley","Bangladesh","bat","Bangladesh","New Zealand","50","6","198","0","18","20","2002/03","CD McMillan","New Zealand"
"ODI","New Wanderers Stadium, Johannesburg","Johannesburg","Kenya","bat","Kenya","Bangladesh","50","6","217","0","14","22","2002/03","MO Odumbe","Kenya"
"ODI","Melbourne Cricket Ground","undefined","Sri Lanka","bat","Bangladesh","Sri Lanka","50","6","332","0","14","39","2014/15","TM Dilshan","Sri Lanka"
"ODI","Saxton Oval","Nelson","Bangladesh","field","Bangladesh","Scotland","50","6","318","0","7","37","2014/15","KJ Coetzer","Bangladesh"
"ODI","Adelaide Oval","undefined","England","field","Bangladesh","England","50","6","275","0","14","26","2014/15","Mahmudullah","Bangladesh"
"ODI","Seddon Park","Hamilton","New Zealand","field","New Zealand","Bangladesh","50","6","288","0","5","37","2014/15","MJ Guptill","New Zealand"
"ODI","Melbourne Cricket Ground","undefined","India","bat","Bangladesh","India","50","6","302","0","16","33","2014/15","RG Sharma","India"
"ODI","Sinhalese Sports Club","Colombo","Pakistan","bat","Pakistan","Bangladesh","50","6","257","0","11","21","2004","Yasir Hameed","Pakistan"
"ODI","R.Premadasa Stadium","Colombo","Bangladesh","bat","Bangladesh","Sri Lanka","50","6","190","0","20","13","2004","ST Jayasuriya","Sri Lanka"
"ODI","The Rose Bowl","Southampton","Bangladesh","field","West Indies","Bangladesh","50","6","269","0","20","22","2004","CH Gayle","West Indies"
"Test","Zahur Ahmed Chowdhury Stadium","Chittagong","New Zealand","bat","Bangladesh","New Zealand","undefined","6","469","0","12","49","2013/14","Sohag Gazi","draw"
"Test","Shere Bangla National Stadium","Mirpur","Bangladesh","bat","Bangladesh","New Zealand","undefined","6","282","0","4","44","2013/14","Mominul Haque","draw"
"ODI","Shere Bangla National Stadium","Mirpur","New Zealand","field","Bangladesh","New Zealand","50","6","265","0","16","31","2013/14","Rubel Hossain","Bangladesh"
"ODI","Shere Bangla National Stadium","Mirpur","Bangladesh","bat","Bangladesh","New Zealand","50","6","247","0","16","24","2013/14","Sohag Gazi","Bangladesh"
"ODI","Khan Shaheb Osman Ali Stadium","Fatullah","Bangladesh","field","Bangladesh","New Zealand","50","6","307","0","9","33","2013/14","Shamsur Rahman","Bangladesh"
"T20","Shere Bangla National Stadium","Mirpur","New Zealand","bat","Bangladesh","New Zealand","20","6","204","0","9","27","2013/14","C Munro","New Zealand"
"T20","Zahur Ahmed Chowdhury Stadium","Chittagong","Bangladesh","field","Bangladesh","Nepal","20","6","126","0","12","14","2013/14","Al-Amin Hossain","Bangladesh"
"T20","Zahur Ahmed Chowdhury Stadium","Chittagong","Hong Kong","field","Bangladesh","Hong Kong","20","6","108","0","6","13","2013/14","Nadeem Ahmed","Hong Kong"
"T20","Shere Bangla National Stadium","Mirpur","Bangladesh","field","Bangladesh","West Indies","20","6","171","0","19","22","2013/14","DR Smith","West Indies"
"T20","Shere Bangla National Stadium","Mirpur","India","field","Bangladesh","India","20","6","138","0","8","20","2013/14","R Ashwin","India"
"T20","Shere Bangla National Stadium","Mirpur","Pakistan","bat","Bangladesh","Pakistan","20","6","190","0","13","22","2013/14","Ahmed Shehzad","Pakistan"
"T20","Shere Bangla National Stadium","Mirpur","Bangladesh","bat","Bangladesh","Australia","20","6","153","0","15","16","2013/14","AJ Finch","Australia"
"Test","Shere Bangla National Stadium","Mirpur","Sri Lanka","field","Bangladesh","Sri Lanka","undefined","6","232","0","9","38","2013/14","DPMD Jayawardene","Sri Lanka"
"Test","Zahur Ahmed Chowdhury Stadium","Chittagong","Sri Lanka","bat","Bangladesh","Sri Lanka","undefined","6","587","0","35","67","2013/14","KC Sangakkara","draw"
"T20","Zahur Ahmed Chowdhury Stadium","Chittagong","Bangladesh","field","Bangladesh","Sri Lanka","20","6","168","0","10","15","2013/14","MDKJ Perera","Sri Lanka"
"T20","Zahur Ahmed Chowdhury Stadium","Chittagong","Bangladesh","bat","Bangladesh","Sri Lanka","20","6","120","0","7","15","2013/14","NLTC Perera","Sri Lanka"
"ODI","Shere Bangla National Stadium","Mirpur","Bangladesh","field","Bangladesh","Sri Lanka","50","6","180","0","10","19","2013/14","NLTC Perera","Sri Lanka"
"ODI","Shere Bangla National Stadium","Mirpur","Sri Lanka","bat","Bangladesh","Sri Lanka","50","6","289","0","7","33","2013/14","KC Sangakkara","Sri Lanka"
"ODI","Shere Bangla National Stadium","Mirpur","Sri Lanka","field","Bangladesh","Sri Lanka","50","6","240","0","9","23","2013/14","MDKJ Perera","Sri Lanka"
"ODI","Khan Shaheb Osman Ali Stadium","Fatullah","India","field","Bangladesh","India","50","6","279","0","18","26","2013/14","V Kohli","India"
"ODI","Shere Bangla National Stadium","Mirpur","Bangladesh","bat","Bangladesh","Pakistan","50","6","326","0","21","39","2013/14","Shahid Afridi","Pakistan"
"ODI","Shere Bangla National Stadium","Mirpur","Bangladesh","bat","Bangladesh","Sri Lanka","50","6","204","0","17","15","2013/14","AD Mathews","Sri Lanka"
"ODI","National Cricket Stadium, St George's","Grenada","West Indies","field","West Indies","Bangladesh","50","6","217","0","11","20","2014","KA Pollard","West Indies"
"ODI","National Cricket Stadium, St George's","Grenada","Bangladesh","field","West Indies","Bangladesh","50","6","247","0","15","21","2014","SP Narine","West Indies"
"ODI","Warner Park, Basseterre","St Kitts","West Indies","bat","West Indies","Bangladesh","50","6","338","0","10","38","2014","D Ramdin","West Indies"
"T20","Warner Park, Basseterre","St Kitts","Bangladesh","bat","West Indies","Bangladesh","20","6","31","0","1","3","2014","","no result"
"Test","Arnos Vale Ground, Kingstown","St Vincent","Bangladesh","field","West Indies","Bangladesh","undefined","6","484","0","24","43","2014","KC Brathwaite","West Indies"
"Test","Beausejour Stadium, Gros Islet","St Lucia","Bangladesh","field","West Indies","Bangladesh","undefined","6","380","0","28","41","2014","S Chanderpaul","West Indies"
"ODI","Shere Bangla National Stadium","Mirpur","Bangladesh","bat","Bangladesh","India","50","6","272","0","11","33","2014","AM Rahane","India"
"ODI","Shere Bangla National Stadium","Mirpur","Bangladesh","field","Bangladesh","India","50","6","105","0","11","11","2014","STR Binny","India"
"ODI","Shere Bangla National Stadium","Mirpur","India","bat","Bangladesh","India","50","6","119","0","13","12","2014","","no result"
"Test","Shere Bangla National Stadium","Mirpur","Zimbabwe","bat","Bangladesh","Zimbabwe","undefined","6","240","0","13","30","2014/15","Taijul Islam","Bangladesh"
"Test","Sheikh Abu Naser Stadium","Khulna","Bangladesh","bat","Bangladesh","Zimbabwe","undefined","6","433","0","17","50","2014/15","Shakib Al Hasan","Bangladesh"
"Test","Zahur Ahmed Chowdhury Stadium","Chittagong","Bangladesh","bat","Bangladesh","Zimbabwe","undefined","6","503","0","18","52","2014/15","Mominul Haque","Bangladesh"
"ODI","Zahur Ahmed Chowdhury Stadium","Chittagong","Zimbabwe","field","Bangladesh","Zimbabwe","50","6","281","0","20","24","2014/15","Shakib Al Hasan","Bangladesh"
"ODI","Zahur Ahmed Chowdhury Stadium","Chittagong","Bangladesh","bat","Bangladesh","Zimbabwe","50","6","251","0","12","20","2014/15","Mashrafe Mortaza","Bangladesh"
"ODI","Shere Bangla National Stadium","Mirpur","Zimbabwe","field","Bangladesh","Zimbabwe","50","6","297","0","17","28","2014/15","Anamul Haque","Bangladesh"
"ODI","Shere Bangla National Stadium","Mirpur","Bangladesh","bat","Bangladesh","Zimbabwe","50","6","256","0","19","24","2014/15","Mahmudullah","Bangladesh"
"ODI","Shere Bangla National Stadium","Mirpur","Zimbabwe","bat","Bangladesh","Zimbabwe","50","6","128","0","3","15","2014/15","Taijul Islam","Bangladesh"
"IT20","Yeonhui Cricket Ground","Incheon","Sri Lanka","field","Bangladesh","Sri Lanka","20","6","59","0","7","5","2014/15","","no result"
"IT20","Yeonhui Cricket Ground","Incheon","Bangladesh","bat","Bangladesh","Hong Kong","20","6","162","0","8","13","2014/15","","Bangladesh"
"T20","Shere Bangla National Stadium","Mirpur","South Africa","bat","Bangladesh","South Africa","20","6","148","0","5","14","2015","F du Plessis","South Africa"
"T20","Shere Bangla National Stadium","Mirpur","South Africa","bat","Bangladesh","South Africa","20","6","169","0","14","20","2015","E Leie","South Africa"
"ODI","Shere Bangla National Stadium","Mirpur","Bangladesh","bat","Bangladesh","South Africa","50","6","160","0","16","15","2015","K Rabada","South Africa"
"ODI","Shere Bangla National Stadium","Mirpur","South Africa","bat","Bangladesh","South Africa","50","6","162","0","7","15","2015","Soumya Sarkar","Bangladesh"
"ODI","Zahur Ahmed Chowdhury Stadium","Chittagong","South Africa","bat","Bangladesh","South Africa","50","6","168","0","9","14","2015","Soumya Sarkar","Bangladesh"
"Test","Zahur Ahmed Chowdhury Stadium","Chittagong","South Africa","bat","Bangladesh","South Africa","undefined","6","248","0","14","22","2015","Mustafizur Rahman","draw"
"Test","Shere Bangla National Stadium","Mirpur","Bangladesh","bat","Bangladesh","South Africa","undefined","6","246","0","18","25","2015","Mushfiqur Rahim","draw"
"ODI","Shere Bangla National Stadium","Mirpur","Bangladesh","bat","Bangladesh","Pakistan","50","6","329","0","17","42","2015","Mushfiqur Rahim","Bangladesh"
"ODI","Shere Bangla National Stadium","Mirpur","Pakistan","bat","Bangladesh","Pakistan","50","6","239","0","11","23","2015","Tamim Iqbal","Bangladesh"
"ODI","Shere Bangla National Stadium","Mirpur","Pakistan","bat","Bangladesh","Pakistan","50","6","250","0","6","24","2015","Soumya Sarkar","Bangladesh"
"T20","Shere Bangla National Stadium","Mirpur","Pakistan","bat","Bangladesh","Pakistan","20","6","141","0","11","14","2015","Sabbir Rahman","Bangladesh"
"Test","Sheikh Abu Naser Stadium","Khulna","Bangladesh","bat","Bangladesh","Pakistan","undefined","6","332","0","12","38","2015","Tamim Iqbal","draw"
"Test","Shere Bangla National Stadium","Mirpur","Bangladesh","field","Bangladesh","Pakistan","undefined","6","557","0","15","53","2015","Azhar Ali","Pakistan"
"Test","Khan Shaheb Osman Ali Stadium","Fatullah","India","bat","Bangladesh","India","undefined","6","462","0","6","55","2015","S Dhawan","draw"
"ODI","Shere Bangla National Stadium","Mirpur","Bangladesh","bat","Bangladesh","India","50","6","307","0","17","35","2015","Mustafizur Rahman","Bangladesh"
"ODI","Shere Bangla National Stadium","Mirpur","India","bat","Bangladesh","India","50","6","200","0","15","18","2015","Mustafizur Rahman","Bangladesh"
"ODI","Shere Bangla National Stadium","Mirpur","Bangladesh","field","Bangladesh","India","50","6","317","0","10","32","2015","SK Raina","India"
"ODI","Shere Bangla National Stadium","Mirpur","Zimbabwe","field","Bangladesh","Zimbabwe","50","6","273","0","15","29","2015/16","Mushfiqur Rahim","Bangladesh"
"ODI","Shere Bangla National Stadium","Mirpur","Zimbabwe","field","Bangladesh","Zimbabwe","50","6","241","0","18","26","2015/16","Imrul Kayes","Bangladesh"
"ODI","Shere Bangla National Stadium","Mirpur","Bangladesh","bat","Bangladesh","Zimbabwe","50","6","276","0","12","31","2015/16","Tamim Iqbal","Bangladesh"
"T20","Shere Bangla National Stadium","Mirpur","Bangladesh","field","Bangladesh","Zimbabwe","20","6","131","0","9","15","2015/16","MN Waller","Bangladesh"
"T20","Shere Bangla National Stadium","Mirpur","Bangladesh","bat","Bangladesh","Zimbabwe","20","6","135","0","13","12","2015/16","N Madziva","Zimbabwe"
"T20","Himachal Pradesh Cricket Association Stadium","Dharamsala","Netherlands","field","Bangladesh","Netherlands","20","6","153","0","7","16","2015/16","Tamim Iqbal","Bangladesh"
"T20","Himachal Pradesh Cricket Association Stadium","Dharamsala","Ireland","field","Bangladesh","Ireland","20","6","94","0","14","11","2015/16","","no result"
"T20","Himachal Pradesh Cricket Association Stadium","Dharamsala","Oman","field","Bangladesh","Oman","20","6","180","0","4","26","2015/16","Tamim Iqbal","Bangladesh"
"T20","Eden Gardens","Kolkata","Pakistan","bat","Bangladesh","Pakistan","20","6","201","0","3","30","2015/16","Shahid Afridi","Pakistan"
"T20","M Chinnaswamy Stadium","Bangalore","Australia","field","Australia","Bangladesh","20","6","156","0","10","20","2015/16","A Zampa","Australia"
"T20","M Chinnaswamy Stadium","Bangalore","Bangladesh","field","India","Bangladesh","20","6","146","0","3","16","2015/16","R Ashwin","India"
"T20","Eden Gardens","Kolkata","New Zealand","bat","Bangladesh","New Zealand","20","6","145","0","6","16","2015/16","KS Williamson","New Zealand"
"T20","Sheikh Abu Naser Stadium","Khulna","Zimbabwe","bat","Bangladesh","Zimbabwe","20","6","163","0","6","20","2015/16","H Masakadza","Bangladesh"
"T20","Sheikh Abu Naser Stadium","Khulna","Bangladesh","bat","Bangladesh","Zimbabwe","20","6","167","0","6","19","2015/16","Sabbir Rahman","Bangladesh"
"T20","Sheikh Abu Naser Stadium","Khulna","Zimbabwe","bat","Bangladesh","Zimbabwe","20","6","187","0","5","26","2015/16","MN Waller","Zimbabwe"
"T20","Sheikh Abu Naser Stadium","Khulna","Zimbabwe","bat","Bangladesh","Zimbabwe","20","6","180","0","8","22","2015/16","H Masakadza","Zimbabwe"
"T20","Shere Bangla National Stadium","Dhaka","Bangladesh","field","India","Bangladesh","20","6","166","0","7","20","2015/16","RG Sharma","India"
"T20","Shere Bangla National Stadium","Mirpur","United Arab Emirates","field","Bangladesh","United Arab Emirates","20","6","133","0","5","13","2015/16","Mahmudullah","Bangladesh"
"T20","Shere Bangla National Stadium","Mirpur","Bangladesh","bat","Bangladesh","Sri Lanka","20","6","147","0","4","19","2015/16","Sabbir Rahman","Bangladesh"
"T20","Shere Bangla National Stadium","Mirpur","Pakistan","bat","Bangladesh","Pakistan","20","6","129","0","0","16","2015/16","Soumya Sarkar","Bangladesh"
"T20","Shere Bangla National Stadium","Mirpur","India","field","Bangladesh","India","20","6","120","0","3","14","2015/16","S Dhawan","India"